job_name,岗位划分,最低薪资,最高薪资,平均薪资,薪资等级,最低经验,最高经验,job_edu,学历要求,城市,区,街道,job_company,公司规模
高级数据工程师,数据开发,45000.0,75000.0,60000.0,40k以上,3.0,5.0,本科,2,北京,大兴,,北京美中爱瑞肿瘤医院有限责任公司,399.5
智能体开发工程师-外派,AI/智能体,35000.0,45000.0,40000.0,40k以上,0.0,,本科,2,上海,徐汇,虹梅路,康龙化成,15000.0
英语高级Python 全栈工程师（AI 原生/RAG）,后端/全栈,27692.30769230769,32307.69230769231,30000.0,30k-40k,10.0,10.0,大专,1,上海,浦东,张江,大连弗斯特高新人才发展管理有限公司,5499.5
英语后端开发/大数据开发/python,数据开发,27692.30769230769,32307.69230769231,30000.0,30k-40k,5.0,10.0,本科,2,上海,浦东,潍坊新村,大连弗斯特高新人才发展管理有限公司,5499.5
Agent智能体开发工程师,AI/智能体,27692.30769230769,36923.07692307692,32307.692307692305,30k-40k,5.0,10.0,本科,2,广州,黄埔,萝岗,苏州人瑞普惠人力资源服务有限公司,59.5
大数据开发工程师,数据开发,25000.0,35000.0,30000.0,30k-40k,5.0,10.0,本科,2,北京,东城,东四,上海信息人才服务有限公司,59.5
大数据开发工程师,数据开发,25000.0,35000.0,30000.0,30k-40k,3.0,5.0,本科,2,北京,通州,新华,北京博泰通远信息咨询服务有限公司,59.5
后端工程师26062502,后端/全栈,25000.0,35000.0,30000.0,30k-40k,5.0,10.0,硕士,3,北京,朝阳,望京,华能信息技术有限公司,749.5
数据开发工程师,数据开发,25000.0,35000.0,30000.0,30k-40k,0.0,,本科,2,北京,海淀,上地,苏州人瑞普惠人力资源服务有限公司,59.5
数据开发工程师,数据开发,25000.0,35000.0,30000.0,30k-40k,0.0,,本科,2,上海,浦东,张江,苏州人瑞普惠人力资源服务有限公司,59.5
大数据开发工程师,数据开发,23000.0,35000.0,29000.0,20k-30k,0.0,,本科,2,上海,浦东,张江,苏州人瑞普惠人力资源服务有限公司,59.5
服务端研发工程师,其他,22500.0,41250.0,31875.0,30k-40k,0.0,,本科,2,上海,长宁,天山路,上海从鲸信息技术有限公司,15000.0
大数据高级工程师开发实施,数据开发,20000.0,30000.0,25000.0,20k-30k,5.0,10.0,本科,2,北京,丰台,看丹,深圳巨绿科技有限公司,59.5
Agent开发工程师,其他,20000.0,40000.0,30000.0,30k-40k,3.0,5.0,本科,2,北京,朝阳,建外,上海投中信息咨询股份有限公司北京办事处,199.5
Python 后端开发工程师（北教智学）,后端/全栈,20000.0,25000.0,22500.0,20k-30k,3.0,5.0,本科,2,北京,西城,德胜,博彦科技承德有限公司,5499.5
数据治理工程师,其他,20000.0,30000.0,25000.0,20k-30k,3.0,5.0,本科,2,上海,浦东,唐镇,上海宇量昇科技有限公司,399.5
Dify与钉钉智能体开发工程师,AI/智能体,20000.0,26000.0,23000.0,20k-30k,3.0,5.0,本科,2,上海,浦东,高行,万宝盛华企业管理咨询（上海）有限公司,749.5
大数据工程师（北京）,数据开发,20000.0,35000.0,27500.0,20k-30k,3.0,5.0,本科,2,北京,朝阳,,广东纬德信息科技股份有限公司,199.5
Agent开发工程师(智能零售),其他,20000.0,35000.0,27500.0,20k-30k,3.0,5.0,本科,2,北京,丰台,马家堡,融讯科技,59.5
高级数据工程师,数据开发,20000.0,25000.0,22500.0,20k-30k,5.0,10.0,本科,2,北京,丰台,太平桥,北京远盟普惠健康科技有限公司,749.5
高级python工程师（北京）,其他,20000.0,30000.0,25000.0,20k-30k,5.0,10.0,本科,2,北京,大兴,高米店,无锡北微传感科技有限公司,199.5
金融数据开发工程师（北京）,数据开发,20000.0,30000.0,25000.0,20k-30k,3.0,5.0,本科,2,北京,海淀,羊坊店,青岛光谷联合发展有限公司,199.5
Python开发工程师,其他,20000.0,25000.0,22500.0,20k-30k,5.0,10.0,本科,2,上海,长宁,新泾,爱多邦(北京)信息技术服务有限公司,199.5
AI AGENT工程师 (Infra方向),AI/智能体,20000.0,30000.0,25000.0,20k-30k,3.0,5.0,本科,2,广州,黄埔,萝岗,广东芯培森技术有限公司,10.0
数据工程师（外包 外资知名药企）,数据开发,20000.0,30000.0,25000.0,20k-30k,5.0,10.0,本科,2,上海,浦东,三林,科锐尔人力资源服务(苏州)有限公司,5499.5
高级python,其他,20000.0,25000.0,22500.0,20k-30k,5.0,10.0,本科,2,上海,长宁,新泾,爱多邦(北京)信息技术服务有限公司,199.5
大数据开发工程师,数据开发,18461.53846153846,27692.30769230769,23076.923076923078,20k-30k,5.0,10.0,本科,2,上海,徐汇,徐家汇,浙江柚香谷控股股份有限公司,5499.5
研发工程师,其他,18000.0,25000.0,21500.0,20k-30k,1.0,3.0,本科,2,北京,海淀,西三旗,北京通合智能科技有限公司,10.0
后处理与图形绘制工程师,其他,18000.0,23000.0,20500.0,20k-30k,3.0,5.0,硕士,3,广州,南沙,南沙,广东云湃科技有限责任公司,59.5
软件开发工程师（后端/平台方向）,后端/全栈,18000.0,25000.0,21500.0,20k-30k,0.0,,本科,2,上海,浦东,金桥,外企德科数字技术有限公司,15000.0
数据开发工程师,数据开发,18000.0,25000.0,21500.0,20k-30k,3.0,5.0,本科,2,上海,虹口,曲阳路,上海信息人才服务有限公司,59.5
数据平台后端开发（Go/Python）(A166501),后端/全栈,18000.0,20000.0,19000.0,10k-20k,3.0,5.0,学历不限,5,上海,闵行,新虹,中科创达软件股份有限公司,5499.5
python后端开发工程师,后端/全栈,17142.857142857145,18000.0,17571.428571428572,10k-20k,3.0,5.0,本科,2,北京,海淀,永定路,航天新长征大道科技有限公司北京分公司,199.5
数据agent研发工程师,其他,17142.857142857145,34285.71428571429,25714.285714285717,20k-30k,3.0,5.0,本科,2,北京,海淀,花园路,沈阳阅准科技有限公司,749.5
Python开发工程师-赴大厂,其他,17000.0,19000.0,18000.0,10k-20k,5.0,10.0,本科,2,北京,通州,台湖,上海微创软件股份有限公司,15000.0
LLMOps平台研发工程师（大模型平台方向）,AI/智能体,16615.384615384613,20307.69230769231,18461.53846153846,10k-20k,1.0,3.0,本科,2,上海,浦东,金桥,上海艾策通讯科技股份有限公司,59.5
Python 软件研发工程师,其他,16285.714285714286,30000.0,23142.857142857145,20k-30k,0.0,,本科,2,上海,浦东,金桥,科锐尔人力资源服务(苏州)有限公司,5499.5
后端工程师,后端/全栈,16000.0,22000.0,19000.0,10k-20k,3.0,5.0,本科,2,北京,海淀,西三旗,北京通合智能科技有限公司,10.0
数据开发工程师,数据开发,16000.0,22000.0,19000.0,10k-20k,5.0,10.0,本科,2,北京,西城,月坛,北京神州数字科技有限公司,15000.0
python爬虫工程师,爬虫/采集,16000.0,30000.0,23000.0,20k-30k,3.0,5.0,大专,1,北京,朝阳,朝外,北京保盛航空服务有限公司,199.5
后端开发工程师,后端/全栈,16000.0,23000.0,19500.0,10k-20k,3.0,5.0,本科,2,北京,海淀,,北京世光科技有限公司,59.5
python开发工程师,其他,16000.0,20000.0,18000.0,10k-20k,5.0,10.0,本科,2,北京,通州,台湖,上海微创软件股份有限公司,15000.0
rag开发工程师（线上面试＋英文好）,其他,16000.0,18000.0,17000.0,10k-20k,3.0,5.0,本科,2,广州,天河,林和,深圳市法本信息技术股份有限公司,5499.5
数据开发工程师,数据开发,16000.0,17000.0,16500.0,10k-20k,5.0,10.0,大专,1,上海,黄浦,小东门,上海信息人才服务有限公司,59.5
Python开发工程师,其他,16000.0,24000.0,20000.0,20k-30k,5.0,10.0,本科,2,上海,黄浦,外滩,八六三软件,749.5
软件开发工程师,其他,16000.0,20000.0,18000.0,10k-20k,1.0,3.0,本科,2,广州,黄埔,联和,文远知行,399.5
python开发,其他,16000.0,19000.0,17500.0,10k-20k,5.0,10.0,本科,2,北京,通州,台湖,上海微创软件股份有限公司,15000.0
AI 工具链工程师（医疗方向）,AI/智能体,15750.0,18750.0,17250.0,10k-20k,1.0,3.0,本科,2,北京,海淀,,北大医疗管理有限责任公司北京分公司,15000.0
高级爬虫工程师,爬虫/采集,15000.0,30000.0,22500.0,20k-30k,5.0,10.0,本科,2,北京,丰台,看丹,协合运维,5499.5
基础中心-工程技术岗-科学数据工程师(J10541),数据开发,15000.0,30000.0,22500.0,20k-30k,0.0,,硕士,3,北京,海淀,,启元实验室,5499.5
高级大数据开发工程师,数据开发,15000.0,30000.0,22500.0,20k-30k,5.0,10.0,本科,2,广州,海珠,琶洲,华泰保险集团股份有限公司,5499.5
python(语言不限制无经验可投）,其他,15000.0,30000.0,22500.0,20k-30k,0.0,,本科,2,上海,浦东,金桥,外企德科数字技术有限公司,15000.0
Python研发工程师,其他,15000.0,20000.0,17500.0,10k-20k,1.0,3.0,本科,2,广州,天河,天河南,广州天勤数字科技有限公司,59.5
AI 大模型应用开发工程师,AI/智能体,15000.0,25000.0,20000.0,20k-30k,1.0,3.0,大专,1,上海,徐汇,虹梅路,台州拜亚进出口有限公司,749.5
Python开发工程师,其他,15000.0,30000.0,22500.0,20k-30k,1.0,3.0,本科,2,上海,嘉定,安亭,上海锡威信息科技有限公司,10.0
智能体开发工程师,AI/智能体,15000.0,21000.0,18000.0,10k-20k,3.0,5.0,大专,1,上海,青浦,徐泾,上海均瑶世外教育科技(集团)有限责任公司,5499.5
python（福利好 稳定 14-16薪）,其他,15000.0,30000.0,22500.0,20k-30k,1.0,3.0,本科,2,上海,青浦,金泽,万宝盛华企业管理咨询（上海）有限公司,749.5
python数字化前后端开发,后端/全栈,15000.0,17000.0,16000.0,10k-20k,3.0,5.0,本科,2,上海,黄浦,瑞金二路,鼎欣汇智科技（北京）股份有限公司,5499.5
数据开发工程师-中台,数据开发,15000.0,16000.0,15500.0,10k-20k,5.0,10.0,本科,2,上海,浦东,陆家嘴,深圳市睿服科技有限公司,5499.5
Python开发/双休,其他,15000.0,18000.0,16500.0,10k-20k,3.0,5.0,本科,2,广州,海珠,琶洲,深圳市睿服科技有限公司,5499.5
大数据开发工程师（双休+16薪）,数据开发,15000.0,26250.0,20625.0,20k-30k,3.0,5.0,本科,2,上海,浦东,陆家嘴,湖北睿昕智科技有限公司,199.5
数据开发工程师,数据开发,15000.0,17000.0,16000.0,10k-20k,5.0,10.0,本科,2,上海,静安,天目西路,深圳市法本信息技术股份有限公司,5499.5
Python后端开发工程师（数据方向）,后端/全栈,15000.0,16000.0,15500.0,10k-20k,3.0,5.0,本科,2,上海,浦东,张江,深圳建广数字科技有限公司青岛分公司,10.0
后端开发工程师,后端/全栈,15000.0,30000.0,22500.0,20k-30k,3.0,5.0,本科,2,上海,闵行,吴泾,上海奥铁通讯技术有限公司,59.5
Python开发（全额福利）,其他,15000.0,16000.0,15500.0,10k-20k,3.0,5.0,本科,2,上海,浦东,唐镇,深圳建广数字科技有限公司青岛分公司,10.0
Python开发工程师（量化交易系统）,其他,15000.0,25000.0,20000.0,20k-30k,3.0,5.0,本科,2,广州,天河,冼村,讯汇科技,199.5
AI制药-AI全栈开发工程师（企业直聘非外包+python）,后端/全栈,15000.0,25000.0,20000.0,20k-30k,1.0,3.0,本科,2,上海,黄浦,外滩,深度制耀(北京)科技股份有限公司,199.5
数据开发工程师(英文+国际差旅）(J14058),数据开发,15000.0,18000.0,16500.0,10k-20k,0.0,,本科,2,广州,番禺,大石,浩鲸云计算科技股份有限公司,5499.5
大数据开发工程师（短期+周末双休）,数据开发,15000.0,18000.0,16500.0,10k-20k,3.0,5.0,本科,2,广州,天河,冼村,徽通科技集团有限公司,5499.5
Databricks高级数据工程师,数据开发,15000.0,20000.0,17500.0,10k-20k,5.0,10.0,本科,2,广州,海珠,琶洲,深圳市法本信息技术股份有限公司,5499.5
数据工程师（现场面试+不卷+周末双休）,数据开发,15000.0,16000.0,15500.0,10k-20k,3.0,5.0,本科,2,上海,静安,大宁路,上海信息人才服务有限公司,59.5
工业大数据工程师,数据开发,15000.0,30000.0,22500.0,20k-30k,3.0,5.0,本科,2,广州,黄埔,联和,开波特(武汉)人工智能有限公司,59.5
高级开发工程师（数据库运维软件方向）,其他,15000.0,18000.0,16500.0,10k-20k,5.0,10.0,大专,1,北京,通州,永顺,北京虹信万达科技有限公司,59.5
高级大数据开发工程师,数据开发,15000.0,23000.0,19000.0,10k-20k,3.0,5.0,本科,2,北京,西城,金融街,达维信息技术(深圳)有限公司北京分公司,199.5
Python工程师,其他,15000.0,23000.0,19000.0,10k-20k,0.0,,本科,2,北京,丰台,看丹,航天天目(重庆)卫星科技有限公司,59.5
大气模式工程师,其他,15000.0,25000.0,20000.0,20k-30k,1.0,3.0,硕士,3,北京,顺义,,北京莱维塞尔科技有限公司,199.5
金融API开发工程师,其他,15000.0,17000.0,16000.0,10k-20k,5.0,10.0,本科,2,北京,朝阳,建外,上海海万信息科技股份有限公司,5499.5
python开发-（外派-短期项目）,其他,15000.0,16000.0,15500.0,10k-20k,3.0,5.0,本科,2,北京,西城,金融街,北京浩然五洲软件技术有限公司,199.5
AI应用全栈开发工程师（AI人工智能企业直聘非外包）,后端/全栈,15000.0,23000.0,19000.0,10k-20k,1.0,3.0,本科,2,北京,朝阳,,深度制耀(北京)科技股份有限公司,199.5
python开发工程师,其他,14769.23076923077,21230.76923076923,18000.0,10k-20k,3.0,5.0,本科,2,北京,海淀,,北京合正未来科技有限公司,59.5
高级数据治理工程师(J11412),其他,14571.42857142857,21428.571428571428,18000.0,10k-20k,3.0,5.0,本科,2,上海,浦东,陆家嘴,艾兰得,5499.5
spark大数据开发工程师（短期+周末双休）,数据开发,14000.0,18000.0,16000.0,10k-20k,3.0,5.0,本科,2,广州,天河,冼村,徽通科技集团有限公司,5499.5
java数据开发工程师,数据开发,14000.0,18000.0,16000.0,10k-20k,3.0,5.0,本科,2,上海,虹口,北外滩,安徽中安润微科技有限公司,199.5
数据工程师（天津）,数据开发,14000.0,15000.0,14500.0,10k-20k,3.0,5.0,本科,2,广州,越秀,黄花岗,广东南油服务有限公司,5499.5
python后端开发工程师,后端/全栈,14000.0,16000.0,15000.0,10k-20k,3.0,5.0,本科,2,上海,浦东,唐镇,深圳建广数字科技有限公司青岛分公司,10.0
Python开发,其他,14000.0,16000.0,15000.0,10k-20k,3.0,5.0,本科,2,上海,浦东,唐镇,深圳建广数字科技有限公司青岛分公司,10.0
大数据开发工程师,数据开发,14000.0,20000.0,17000.0,10k-20k,1.0,3.0,本科,2,广州,番禺,大石,广州时格科技有限公司,10.0
Python工程师,其他,14000.0,16000.0,15000.0,10k-20k,3.0,5.0,本科,2,广州,天河,冼村,徽通科技集团有限公司,5499.5
python(全额五险一金),其他,14000.0,16000.0,15000.0,10k-20k,3.0,5.0,本科,2,上海,浦东,唐镇,深圳建广数字科技有限公司青岛分公司,10.0
python爬虫工程师,爬虫/采集,14000.0,17000.0,15500.0,10k-20k,3.0,5.0,本科,2,上海,徐汇,龙华,上海策贸科技有限公司,59.5
爬虫工程师,爬虫/采集,14000.0,17000.0,15500.0,10k-20k,3.0,5.0,本科,2,上海,徐汇,龙华,上海策贸科技有限公司,59.5
数据开发工程师,数据开发,14000.0,16000.0,15000.0,10k-20k,0.0,,本科,2,广州,天河,车陂,广州玲跃电子科技有限公司,59.5
python（面试快）,其他,14000.0,16000.0,15000.0,10k-20k,3.0,5.0,本科,2,上海,浦东,唐镇,深圳建广数字科技有限公司青岛分公司,10.0
大数据开发工程师,数据开发,14000.0,17000.0,15500.0,10k-20k,3.0,5.0,本科,2,上海,黄浦,半淞园路,深圳市睿服科技有限公司,5499.5
数据实施工程师,其他,14000.0,18000.0,16000.0,10k-20k,5.0,10.0,本科,2,广州,黄埔,联和,深圳市南电云商有限公司,749.5
智能体开发工程师,AI/智能体,14000.0,16000.0,15000.0,10k-20k,3.0,5.0,本科,2,广州,黄埔,联和,广州仁合时创信息技术有限公司,749.5
数据开发工程师 券商 投研 估值,数据开发,14000.0,17000.0,15500.0,10k-20k,3.0,5.0,本科,2,北京,朝阳,麦子店,中科软科技股份有限公司,5499.5
中级后端开发工程师（AI Agent 编程方向）,后端/全栈,14000.0,18000.0,16000.0,10k-20k,1.0,3.0,大专,1,上海,徐汇,虹梅路,台州拜亚进出口有限公司,749.5
大模型应用开发工程师,AI/智能体,14000.0,15000.0,14500.0,10k-20k,3.0,5.0,本科,2,广州,天河,冼村,徽通科技集团有限公司,5499.5
数据开发工程师（公募基金/保险/证券经验）,数据开发,14000.0,19000.0,16500.0,10k-20k,5.0,10.0,大专,1,北京,西城,月坛,北京神州新桥科技有限公司,5499.5
高级python工程师,其他,14000.0,15000.0,14500.0,10k-20k,5.0,10.0,本科,2,北京,朝阳,,中科软科技股份有限公司,5499.5
python开发工程师,其他,14000.0,18000.0,16000.0,10k-20k,3.0,5.0,本科,2,广州,天河,天河南,海南钦诚软件技术有限公司,5499.5
python开发（外派-短期项目）,其他,14000.0,16000.0,15000.0,10k-20k,3.0,5.0,本科,2,北京,西城,金融街,北京浩然五洲软件技术有限公司,199.5
大数据开发工程师-周末双休（项目外包）,数据开发,14000.0,20000.0,17000.0,10k-20k,1.0,3.0,本科,2,广州,天河,猎德,徽通科技集团有限公司,5499.5
Python后端,后端/全栈,14000.0,15000.0,14500.0,10k-20k,3.0,5.0,本科,2,广州,天河,冼村,徽通科技集团有限公司,5499.5
python工程师,其他,14000.0,15000.0,14500.0,10k-20k,1.0,3.0,本科,2,广州,天河,猎德,徽通科技集团有限公司,5499.5
软件开发工程师（Python）,其他,13846.153846153846,18461.53846153846,16153.846153846152,10k-20k,5.0,10.0,本科,2,上海,浦东,三林,威立雅(中国)环境服务有限公司,5499.5
00154760——数据开发工程师,数据开发,13846.153846153846,18461.53846153846,16153.846153846152,10k-20k,1.0,3.0,本科,2,北京,海淀,,思特奇,5499.5
大数据开发工程师-上海,数据开发,13000.0,14000.0,13500.0,10k-20k,3.0,5.0,本科,2,上海,黄浦,南京东路,深圳市睿服科技有限公司,5499.5
python后端开发工程师（中级）,后端/全栈,13000.0,18000.0,15500.0,10k-20k,1.0,3.0,本科,2,上海,徐汇,虹梅路,台州拜亚进出口有限公司,749.5
大数据工程师,数据开发,13000.0,20000.0,16500.0,10k-20k,3.0,5.0,本科,2,上海,黄浦,小东门,赢时胜,5499.5
大模型与数据工程工程师,数据开发,13000.0,15000.0,14000.0,10k-20k,3.0,5.0,本科,2,北京,西城,德胜,讯猫软件集团有限公司,749.5
python开发工程师,其他,13000.0,18000.0,15500.0,10k-20k,5.0,10.0,本科,2,上海,浦东,金桥,彩讯科技股份有限公司,5499.5
数据开发工程师,数据开发,13000.0,15000.0,14000.0,10k-20k,5.0,10.0,本科,2,广州,天河,棠下,软通动力信息技术(集团)股份有限公司,15000.0
数字化转型工程师,其他,13000.0,17000.0,15000.0,10k-20k,3.0,5.0,本科,2,北京,丰台,东高地,北京中科航天人才服务有限公司,5499.5
Python AI 模型部署接口联调,AI/智能体,13000.0,14000.0,13500.0,10k-20k,3.0,5.0,本科,2,北京,朝阳,劲松,北京中科航天人才服务有限公司,5499.5
数据治理工程师,其他,13000.0,15000.0,14000.0,10k-20k,3.0,5.0,本科,2,上海,徐汇,龙华,上海金亥数智科技有限公司,199.5
数据开发工程师,数据开发,13000.0,16000.0,14500.0,10k-20k,5.0,10.0,本科,2,上海,黄浦,半淞园路,卓为科技,199.5
大数据开发工程师（外包）,数据开发,13000.0,18000.0,15500.0,10k-20k,3.0,5.0,本科,2,广州,黄埔,联和,彩讯科技股份有限公司,5499.5
python后端开发工程师,后端/全栈,13000.0,22000.0,17500.0,10k-20k,1.0,3.0,本科,2,广州,黄埔,联和,广东杰纳医药科技有限公司,199.5
智能体开发工程师,AI/智能体,13000.0,15000.0,14000.0,10k-20k,3.0,5.0,本科,2,广州,黄埔,联和,广州九路科技有限公司,199.5
数据采集工程师（爬虫方向）,爬虫/采集,13000.0,18000.0,15500.0,10k-20k,1.0,3.0,本科,2,北京,丰台,看丹,中资检验认证有限公司,199.5
数据开发工程师,数据开发,13000.0,16000.0,14500.0,10k-20k,5.0,10.0,大专,1,上海,徐汇,龙华,上海微创软件股份有限公司,15000.0
数据开发工程师,数据开发,13000.0,20000.0,16500.0,10k-20k,3.0,5.0,本科,2,上海,青浦,徐泾,上海均瑶世外教育科技(集团)有限责任公司,5499.5
python开发,其他,13000.0,18000.0,15500.0,10k-20k,5.0,10.0,大专,1,广州,天河,天河南,海南钦诚软件技术有限公司,5499.5
大数据开发工程师（电网）,数据开发,13000.0,16000.0,14500.0,10k-20k,5.0,10.0,本科,2,北京,西城,西长安街,安徽云控信息科技有限公司,199.5
python数据开发工程师,数据开发,13000.0,16000.0,14500.0,10k-20k,3.0,5.0,本科,2,广州,海珠,琶洲,深圳市法本信息技术股份有限公司,5499.5
软件开发工程师,其他,12857.142857142855,25714.28571428571,19285.714285714283,10k-20k,0.0,,本科,2,北京,海淀,,外企德科数字技术有限公司,15000.0
急招python/java/C/C＋＋/js软件开发工程师（26届友好导师带教）,其他,12857.142857142855,25714.28571428571,19285.714285714283,10k-20k,1.0,3.0,本科,2,北京,海淀,,外企德科数字技术有限公司,15000.0
急招python/java/C/C＋＋/js软件开发工程师（26届友好导师带教）,其他,12857.142857142855,25714.28571428571,19285.714285714283,10k-20k,1.0,3.0,本科,2,上海,浦东,金桥,外企德科数字技术有限公司,15000.0
软件开发工程师,其他,12800.0,20000.0,16400.0,10k-20k,1.0,3.0,本科,2,广州,海珠,官洲,文远知行,399.5
python开发工程师,其他,12000.0,18000.0,15000.0,10k-20k,3.0,5.0,本科,2,北京,海淀,海淀街道,北京信利恒丰科技发展有限公司,59.5
大数据工程师,数据开发,12000.0,15000.0,13500.0,10k-20k,3.0,5.0,大专,1,北京,朝阳,三里屯,西安笃定信息技术有限公司,59.5
数据开发工程师,数据开发,12000.0,15000.0,13500.0,10k-20k,0.0,,本科,2,上海,虹口,北外滩,上海交通规划设计研究院有限公司,59.5
python后端开发工程师,后端/全栈,12000.0,24000.0,18000.0,10k-20k,0.0,,本科,2,上海,青浦,金泽,外企德科数字技术有限公司,15000.0
实时数据开发工程师,数据开发,12000.0,15000.0,13500.0,10k-20k,3.0,5.0,本科,2,北京,朝阳,,小葱(江苏)信息科技股份有限公司,59.5
大数据平台运维开发工程师（浪潮云外包）,数据开发,12000.0,13000.0,12500.0,10k-20k,3.0,5.0,本科,2,北京,东城,建国门,鼎欣汇智科技（北京）股份有限公司,5499.5
Python开发工程师,其他,12000.0,16000.0,14000.0,10k-20k,1.0,3.0,本科,2,上海,宝山,顾村,上海乐辰生物科技有限公司,59.5
Python开发工程师（北京外包驻场）,其他,12000.0,20000.0,16000.0,10k-20k,3.0,5.0,本科,2,北京,石景山,苹果园,沈阳东软系统集成工程有限公司,59.5
python开发工程师,其他,12000.0,16000.0,14000.0,10k-20k,1.0,3.0,本科,2,广州,天河,新塘,广州图灵科技有限公司,59.5
python开发工程师,其他,12000.0,18461.53846153846,15230.76923076923,10k-20k,3.0,5.0,本科,2,北京,海淀,,数据磐石科技(北京)有限公司,59.5
数据开发工程师,数据开发,12000.0,18000.0,15000.0,10k-20k,5.0,10.0,本科,2,北京,朝阳,和平街,鼎欣汇智科技（北京）股份有限公司,5499.5
大数据开发工程师,数据开发,12000.0,15000.0,13500.0,10k-20k,5.0,10.0,本科,2,北京,西城,牛街,南京迈特望科技股份有限公司,5499.5
高级数据开发工程师,数据开发,12000.0,20000.0,16000.0,10k-20k,3.0,5.0,本科,2,广州,海珠,琶洲,广州海晟科技有限公司,199.5
大数据开发工程师,数据开发,12000.0,16000.0,14000.0,10k-20k,5.0,10.0,本科,2,北京,西城,西长安街,中电金信软件有限公司,15000.0
行业咨询工程师（数据业务研发）-上海电缆所,其他,12000.0,15000.0,13500.0,10k-20k,0.0,,本科,2,上海,杨浦,长白新村,申能集团,15000.0
大数据开发工程师,数据开发,12000.0,20000.0,16000.0,10k-20k,3.0,5.0,本科,2,北京,朝阳,,北京科博纳信息技术有限公司,59.5
Python工程师,其他,12000.0,15000.0,13500.0,10k-20k,5.0,10.0,大专,1,上海,长宁,新华路,上海朗裕信息科技有限公司,59.5
爬虫副主任,爬虫/采集,12000.0,17000.0,14500.0,10k-20k,1.0,3.0,本科,2,北京,海淀,北下关,北京盈科千信科技有限公司,199.5
Python工程师,其他,12000.0,14000.0,13000.0,10k-20k,1.0,3.0,本科,2,广州,越秀,梅花村,信必优(深圳)信息技术有限公司广州分公司,5499.5
python,其他,12000.0,16000.0,14000.0,10k-20k,3.0,5.0,本科,2,上海,浦东,唐镇,深圳建广数字科技有限公司青岛分公司,10.0
数据开发工程师（财务业务方面）,数据开发,12000.0,22000.0,17000.0,10k-20k,3.0,5.0,本科,2,上海,宝山,杨行,沈阳东硕信息技术有限公司,5499.5
python开发工程师,其他,12000.0,15000.0,13500.0,10k-20k,3.0,5.0,本科,2,北京,海淀,北下关,北京颢辰科创科技有限公司,10.0
数据开发工程师（基金金融）,数据开发,12000.0,18000.0,15000.0,10k-20k,1.0,3.0,本科,2,上海,浦东,陆家嘴,合肥吾恒信息科技有限公司,199.5
大数据工程师,数据开发,12000.0,16000.0,14000.0,10k-20k,3.0,5.0,本科,2,广州,花都,新雅,中电科普天科技股份有限公司,5499.5
时序数据治理工程师,其他,12000.0,16000.0,14000.0,10k-20k,3.0,5.0,本科,2,上海,浦东,周家渡,华胜(山东)信息科技有限公司,59.5
大数据开发工程师,数据开发,12000.0,16000.0,14000.0,10k-20k,5.0,10.0,大专,1,广州,番禺,南村,亿达信息,5499.5
大数据开发工程师,数据开发,12000.0,14000.0,13000.0,10k-20k,5.0,10.0,本科,2,广州,海珠,琶洲,外企德科,399.5
大数据开发工程师,数据开发,12000.0,16000.0,14000.0,10k-20k,3.0,5.0,本科,2,北京,昌平,史各庄,鑫锡软件(朝阳)有限公司,59.5
数据开发工程师（广州）,数据开发,12000.0,17000.0,14500.0,10k-20k,3.0,5.0,本科,2,广州,天河,冼村,武汉宝信信息技术有限公司,199.5
大数据开发工程师,数据开发,12000.0,17000.0,14500.0,10k-20k,0.0,,本科,2,广州,天河,冼村,徽通科技集团有限公司,5499.5
大数据开发工程师（周末双休）,数据开发,12000.0,15000.0,13500.0,10k-20k,1.0,3.0,本科,2,广州,天河,冼村,徽通科技集团有限公司,5499.5
python开发工程师,其他,12000.0,18000.0,15000.0,10k-20k,1.0,3.0,本科,2,广州,番禺,南村,左木莲安(广东)数字科技有限公司,59.5
数据模型开发工程师（三方公司）,其他,12000.0,14000.0,13000.0,10k-20k,1.0,3.0,大专,1,北京,海淀,甘家口,中联信科(北京)通信有限公司深圳分公司,59.5
Python（稳定、福利好、14-16薪）,其他,11250.0,22500.0,16875.0,10k-20k,1.0,3.0,本科,2,上海,青浦,金泽,万宝盛华企业管理咨询（上海）有限公司,749.5
python开发工程师,其他,11142.857142857143,22285.714285714286,16714.285714285714,10k-20k,1.0,3.0,本科,2,上海,浦东,金桥,北京鼎腾科技有限公司,749.5
Python开发-初中高级（全国）,其他,11142.857142857143,21428.571428571428,16285.714285714286,10k-20k,1.0,3.0,本科,2,北京,海淀,,外企德科数字技术有限公司,15000.0
数据与AI工程师,AI/智能体,11076.923076923078,16615.384615384613,13846.153846153846,10k-20k,3.0,5.0,本科,2,广州,黄埔,九佛,卡尔蔡司光学（中国）有限公司,5499.5
高级数据工程师（整机数据布局方向）,数据开发,11076.923076923078,22153.846153846156,16615.384615384617,10k-20k,5.0,10.0,本科,2,上海,浦东,泥城,拓荆科技股份有限公司,5499.5
大数据平台开发工程师,数据开发,11076.923076923078,19384.615384615387,15230.769230769232,10k-20k,3.0,5.0,本科,2,广州,花都,新雅,中电科普天科技股份有限公司,5499.5
大数据开发工程师,数据开发,11000.0,14000.0,12500.0,10k-20k,0.0,,本科,2,上海,静安,天目西路,深圳市法本信息技术股份有限公司,5499.5
数据开发工程师,数据开发,11000.0,14000.0,12500.0,10k-20k,1.0,3.0,本科,2,上海,浦东,塘桥,中科软科技股份有限公司,5499.5
爬虫开发工程师,爬虫/采集,11000.0,20000.0,15500.0,10k-20k,3.0,5.0,硕士,3,北京,海淀,,航天信息,5499.5
python后端开发工程师,后端/全栈,11000.0,16000.0,13500.0,10k-20k,3.0,5.0,本科,2,上海,青浦,金泽,软通动力信息技术(集团)股份有限公司,15000.0
后端开发工程师,后端/全栈,11000.0,18000.0,14500.0,10k-20k,3.0,5.0,本科,2,广州,番禺,化龙,软通动力信息技术(集团)股份有限公司,15000.0
python爬虫工程师AI(WAI派),爬虫/采集,11000.0,16000.0,13500.0,10k-20k,3.0,5.0,本科,2,北京,西城,新街口,郑州海奥软件科技有限公司,199.5
爬虫工程师,爬虫/采集,11000.0,15000.0,13000.0,10k-20k,3.0,5.0,本科,2,北京,海淀,北下关,北京盈科千信科技有限公司,199.5
后端开发工程师（教育集团）,后端/全栈,11000.0,20000.0,15500.0,10k-20k,3.0,5.0,大专,1,上海,青浦,徐泾,上海均瑶世外教育科技(集团)有限责任公司,5499.5
大数据开发工程师,数据开发,11000.0,18000.0,14500.0,10k-20k,3.0,5.0,本科,2,北京,丰台,看丹,北京捷科智诚科技有限公司上海分公司,5499.5
高级开发工程师（wai派）,AI/智能体,11000.0,15000.0,13000.0,10k-20k,5.0,10.0,本科,2,北京,丰台,看丹,郑州海奥软件科技有限公司,199.5
Python开发,其他,11000.0,16000.0,13500.0,10k-20k,1.0,3.0,本科,2,上海,浦东,金桥,软通动力信息技术(集团)股份有限公司,15000.0
数据治理开发工程师 Python开发方向,其他,11000.0,14000.0,12500.0,10k-20k,1.0,3.0,本科,2,上海,徐汇,龙华,上海策贸科技有限公司,59.5
高级Python开发,其他,11000.0,12000.0,11500.0,10k-20k,5.0,10.0,大专,1,北京,昌平,,软通动力信息技术(集团)股份有限公司,15000.0
大数据开发工程师,数据开发,11000.0,16000.0,13500.0,10k-20k,3.0,5.0,大专,1,北京,海淀,甘家口,北京华成航泰科技发展有限公司,59.5
数据开发工程师,数据开发,10285.714285714286,15428.57142857143,12857.142857142859,10k-20k,3.0,5.0,本科,2,广州,海珠,江海,广州广有通信设备有限公司,199.5
大数据开发工程师【27届校招】,数据开发,10285.714285714286,15428.57142857143,12857.142857142859,10k-20k,0.0,,本科,2,广州,黄埔,萝岗,多益网络有限公司,5499.5
大数据开发工程师,数据开发,10000.0,20000.0,15000.0,10k-20k,0.0,,本科,2,北京,朝阳,,民航电信开发有限责任公司,199.5
帆软报表开发工程师,其他,10000.0,15000.0,12500.0,10k-20k,3.0,5.0,本科,2,上海,浦东,陆家嘴,厦门至恒融兴信息技术股份有限公司,5499.5
Pyhon开发工程师,其他,10000.0,12000.0,11000.0,10k-20k,3.0,5.0,本科,2,广州,海珠,官洲,广州嘉检医学检测有限公司,199.5
python大数据工程师(数据采集岗),爬虫/采集,10000.0,12000.0,11000.0,10k-20k,1.0,3.0,本科,2,北京,海淀,海淀街道,北京远大创新科技有限公司,749.5
智驾python开发工程师-包2餐,其他,10000.0,12000.0,11000.0,10k-20k,1.0,3.0,本科,2,上海,杨浦,大桥,苏州英格玛服务外包股份有限公司,399.5
数据开发工程师,数据开发,10000.0,15000.0,12500.0,10k-20k,5.0,10.0,大专,1,广州,黄埔,联和,广州西麦科技股份有限公司,199.5
大模型应用开发工程师,AI/智能体,10000.0,20000.0,15000.0,10k-20k,1.0,3.0,本科,2,北京,海淀,中关村,苏州人瑞普惠人力资源服务有限公司,59.5
大数据开发工程师,数据开发,10000.0,18000.0,14000.0,10k-20k,5.0,10.0,本科,2,广州,海珠,琶洲,中科软科技股份有限公司,5499.5
Python开发工程师,其他,10000.0,12000.0,11000.0,10k-20k,1.0,3.0,本科,2,北京,丰台,看丹,路安通智科技集团有限公司,199.5
数据清洗工程师,其他,10000.0,13000.0,11500.0,10k-20k,1.0,3.0,本科,2,上海,徐汇,龙华,上海策贸科技有限公司,59.5
Python后端开发-工业AI方向-全额五险一金,后端/全栈,10000.0,11000.0,10500.0,10k-20k,3.0,5.0,本科,2,广州,海珠,官洲,软通动力信息技术(集团)股份有限公司,15000.0
python开发工程师-包2餐,其他,10000.0,12000.0,11000.0,10k-20k,1.0,3.0,本科,2,上海,杨浦,大桥,苏州英格玛服务外包股份有限公司,399.5
python开发工程师,其他,10000.0,15000.0,12500.0,10k-20k,5.0,10.0,大专,1,上海,黄浦,瑞金二路,上海朗裕信息科技有限公司,59.5
大数据开发工程师,数据开发,10000.0,15000.0,12500.0,10k-20k,3.0,5.0,本科,2,上海,浦东,金桥,软通动力信息技术(集团)股份有限公司,15000.0
python开发,其他,10000.0,14000.0,12000.0,10k-20k,3.0,5.0,本科,2,广州,海珠,琶洲,江苏秉信科技有限公司,399.5
python开发工程师（安踏）,其他,10000.0,15000.0,12500.0,10k-20k,3.0,5.0,本科,2,上海,闵行,新虹,软通动力信息技术(集团)股份有限公司,15000.0
Python开发工程师,其他,10000.0,20000.0,15000.0,10k-20k,1.0,3.0,本科,2,上海,浦东,金桥,软通动力信息技术(集团)股份有限公司,15000.0
Python应用开发工程师（流媒体/视频平台方向）,其他,10000.0,12000.0,11000.0,10k-20k,1.0,3.0,本科,2,北京,丰台,看丹,路安通智科技集团有限公司,199.5
智能体应用开发工程师,AI/智能体,10000.0,20000.0,15000.0,10k-20k,1.0,3.0,本科,2,广州,海珠,赤岗,广州食惠供应链有限公司,59.5
数据开发工程师-外包 (MJ003799),数据开发,10000.0,12000.0,11000.0,10k-20k,1.0,3.0,学历不限,5,上海,青浦,重固,申通快递,15000.0
python开发-oddo经验优先,其他,10000.0,13000.0,11500.0,10k-20k,3.0,5.0,大专,1,广州,番禺,化龙,上海思芮信息科技有限公司,749.5
数据开发工程师,数据开发,10000.0,18000.0,14000.0,10k-20k,3.0,5.0,本科,2,广州,黄埔,九佛,广州金升阳科技有限公司,5499.5
AI系统 — Python全栈开发工程师,后端/全栈,10000.0,12000.0,11000.0,10k-20k,1.0,1.0,本科,2,北京,海淀,清河,北京信科联物业管理有限公司,5499.5
数据开发工程师,数据开发,10000.0,12000.0,11000.0,10k-20k,3.0,5.0,本科,2,北京,海淀,马连洼,首聘(北京)科技有限公司,5499.5
python开发工程师,其他,10000.0,16000.0,13000.0,10k-20k,1.0,3.0,本科,2,上海,静安,石门二路,深圳市睿服科技有限公司,5499.5
Python后端开发工程师（初/中级）,后端/全栈,10000.0,15000.0,12500.0,10k-20k,0.0,,本科,2,广州,黄埔,联和,广东杰纳医药科技有限公司,199.5
python开发工程师,其他,10000.0,15000.0,12500.0,10k-20k,3.0,5.0,大专,1,广州,黄埔,联和,广州西麦科技股份有限公司,199.5
ai数据开发工程师,数据开发,10000.0,20000.0,15000.0,10k-20k,1.0,3.0,本科,2,广州,海珠,昌岗,广信通信,5499.5
python开发,其他,10000.0,12000.0,11000.0,10k-20k,1.0,3.0,本科,2,广州,天河,冼村,浪潮集团,15000.0
数据开发工程师,数据开发,10000.0,15000.0,12500.0,10k-20k,3.0,5.0,本科,2,广州,越秀,华乐,广东麦视互联网科技有限公司,199.5
AI开发工程师,AI/智能体,10000.0,15000.0,12500.0,10k-20k,1.0,3.0,本科,2,广州,黄埔,联和,广州西麦科技股份有限公司,199.5
高级爬虫工程师,爬虫/采集,10000.0,12000.0,11000.0,10k-20k,3.0,5.0,本科,2,北京,西城,天桥,北京道略文旅科技有限公司,59.5
python工程师,其他,10000.0,20000.0,15000.0,10k-20k,3.0,5.0,本科,2,北京,海淀,中关村,科锐尔人力资源服务(苏州)有限公司,399.5
AI智能体开发工程师,AI/智能体,10000.0,18000.0,14000.0,10k-20k,3.0,5.0,本科,2,广州,黄埔,联和,广州西麦科技股份有限公司,199.5
数据研发工程师（广州）,其他,10000.0,15000.0,12500.0,10k-20k,1.0,3.0,本科,2,广州,天河,新塘,新讯数字科技(杭州)有限公司北京分公司,5499.5
python软件工程师,其他,10000.0,20000.0,15000.0,10k-20k,1.0,3.0,本科,2,上海,闵行,吴泾,汇像信息,199.5
Python初级大数据开发工程师,数据开发,10000.0,12000.0,11000.0,10k-20k,1.0,3.0,本科,2,北京,海淀,海淀街道,北京远大创新科技有限公司,749.5
python高级工程师,其他,9230.76923076923,13846.153846153846,11538.461538461539,10k-20k,5.0,10.0,本科,2,北京,大兴,,紫航雾(北京)信息技术有限公司,59.5
Python开发工程师,其他,9230.76923076923,13846.153846153846,11538.461538461539,10k-20k,1.0,3.0,本科,2,北京,通州,新华,北京蓝鲸与海科技有限公司,59.5
软件工程师,其他,9230.76923076923,18461.53846153846,13846.153846153846,10k-20k,3.0,5.0,本科,2,上海,徐汇,田林,德仪国际贸易(上海)有限公司,59.5
资深后端工程师,后端/全栈,9230.76923076923,16615.384615384613,12923.076923076922,10k-20k,3.0,5.0,本科,2,广州,番禺,新造,石家庄博瑞迪生物技术有限公司,199.5
数据工程师（偏Azure Databricks）,数据开发,9230.76923076923,13846.153846153846,11538.461538461539,10k-20k,1.0,3.0,本科,2,广州,海珠,江海,敏捷艾科,199.5
智能体开发工程师,AI/智能体,9000.0,18000.0,13500.0,10k-20k,1.0,3.0,本科,2,北京,大兴,博兴,康龙化成,15000.0
数据开发工程师,数据开发,9000.0,14000.0,11500.0,10k-20k,3.0,5.0,本科,2,北京,朝阳,建外,中科软科技股份有限公司,5499.5
终端软件开发工程师,其他,9000.0,10000.0,9500.0,10k以下,3.0,5.0,本科,2,广州,黄埔,联和,广州仁合时创信息技术有限公司,749.5
数据工程师（研发）,数据开发,9000.0,12000.0,10500.0,10k-20k,0.0,,本科,2,上海,虹口,北外滩,上海胜蓝软件技术服务有限公司,59.5
大数据开发工程师,数据开发,9000.0,10000.0,9500.0,10k以下,1.0,3.0,本科,2,北京,海淀,马连洼,首聘(北京)科技有限公司,5499.5
大数据开发工程师（大厂外包）,数据开发,9000.0,11000.0,10000.0,10k-20k,3.0,5.0,本科,2,广州,海珠,官洲,软通动力信息技术(集团)股份有限公司,15000.0
数据治理工程师（财务方向）,其他,9000.0,16000.0,12500.0,10k-20k,3.0,5.0,本科,2,上海,宝山,杨行,沈阳东硕信息技术有限公司,5499.5
数据治理工程师（医疗行业）,其他,9000.0,10000.0,9500.0,10k以下,3.0,5.0,大专,1,广州,天河,棠下,软通动力信息技术(集团)股份有限公司,15000.0
广州-数据工程师（偏Azure Databricks）,数据开发,8307.692307692307,15692.307692307691,12000.0,10k-20k,3.0,5.0,本科,2,广州,海珠,江海,敏捷艾科,199.5
数据开发工程师(驻场),数据开发,8000.0,16000.0,12000.0,10k-20k,5.0,10.0,本科,2,广州,黄埔,联和,广州西麦科技股份有限公司,199.5
Python互联网数据采集（爬虫）开发工程师,爬虫/采集,8000.0,16000.0,12000.0,10k-20k,0.0,,本科,2,北京,海淀,马连洼,北京万智信达智能科技有限公司,59.5
大数据开发工程师,数据开发,8000.0,12000.0,10000.0,10k-20k,1.0,3.0,本科,2,上海,闵行,虹桥,欧普照明,5499.5
Python 开发工程师,其他,8000.0,15000.0,11500.0,10k-20k,3.0,5.0,本科,2,北京,大兴,博兴,康龙化成,15000.0
初级数据开发工程师(J10949),数据开发,8000.0,10000.0,9000.0,10k以下,1.0,3.0,本科,2,广州,天河,新塘,丰石科技,199.5
数据工程师（校招）,数据开发,8000.0,12000.0,10000.0,10k-20k,0.0,,本科,2,上海,浦东,陆家嘴,北京中软融鑫计算机系统工程有限公司,749.5
数据工程师,数据开发,8000.0,11000.0,9500.0,10k以下,0.0,,本科,2,上海,虹口,北外滩,上海胜蓝软件技术服务有限公司,59.5
大数据工程师,数据开发,8000.0,11000.0,9500.0,10k以下,0.0,,本科,2,上海,虹口,北外滩,上海胜蓝软件技术服务有限公司,59.5
零代码开发工程师,其他,8000.0,13000.0,10500.0,10k-20k,1.0,3.0,大专,1,广州,天河,珠吉,科珠(广州)科技有限公司,199.5
AI数据工程师,数据开发,8000.0,11000.0,9500.0,10k以下,3.0,5.0,大专,1,广州,天河,棠下,软通动力信息技术(集团)股份有限公司,15000.0
软件开发工程师,其他,8000.0,10000.0,9000.0,10k以下,1.0,3.0,本科,2,北京,顺义,李桥,北京中航华信机电设备安装有限公司,59.5
数据开发工程师（电网）,数据开发,8000.0,11000.0,9500.0,10k以下,3.0,5.0,本科,2,上海,浦东,潍坊新村,安徽云控信息科技有限公司,199.5
大数据开发工程师,数据开发,8000.0,16000.0,12000.0,10k-20k,0.0,,本科,2,上海,黄浦,半淞园路,上海引贤企业发展有限公司,59.5
数据工程师,数据开发,8000.0,13000.0,10500.0,10k-20k,3.0,5.0,本科,2,北京,昌平,城南,中电智能卡,749.5
Python开发工程师,其他,8000.0,14000.0,11000.0,10k-20k,0.0,,本科,2,广州,番禺,小谷围,广州市点易资讯科技有限公司,199.5
python后端开发工程师,后端/全栈,8000.0,11000.0,9500.0,10k以下,0.0,,本科,2,北京,海淀,中关村,北京华脉世纪科技有限公司,59.5
智能体开发工程师,AI/智能体,8000.0,15000.0,11500.0,10k-20k,1.0,1.0,本科,2,广州,越秀,北京街道,广东广安信息发展公司,199.5
数据工程师,数据开发,8000.0,13000.0,10500.0,10k-20k,1.0,1.0,本科,2,广州,天河,天河南,海南钦诚软件技术有限公司,5499.5
python开发工程师,其他,8000.0,15000.0,11500.0,10k-20k,1.0,1.0,本科,2,广州,番禺,大石,广州时格科技有限公司,10.0
数据治理工程师,其他,8000.0,9000.0,8500.0,10k以下,3.0,5.0,本科,2,北京,朝阳,望京,深圳市法本信息技术股份有限公司,5499.5
初级数据工程师,数据开发,7384.615384615385,11076.923076923078,9230.76923076923,10k以下,1.0,3.0,本科,2,广州,越秀,黄花岗,HKT,15000.0
初级大数据开发工程师,数据开发,7384.615384615385,10153.846153846154,8769.23076923077,10k以下,0.0,,本科,2,广州,越秀,北京街道,南昌辰睿科技服务有限公司,199.5
python开发,其他,7384.615384615385,11076.923076923078,9230.76923076923,10k以下,3.0,5.0,本科,2,上海,闵行,新虹,上海海旭晟电力有限公司,5499.5
Python开发工程师,其他,7384.615384615385,11076.923076923078,9230.76923076923,10k以下,3.0,5.0,本科,2,广州,天河,五山,有新智能科技(广州)有限公司,59.5
python开发工程师,其他,7384.615384615385,12923.076923076922,10153.846153846152,10k-20k,0.0,,本科,2,上海,浦东,张江,陕西涟成科技有限公司,199.5
数据工程师,数据开发,7200.0,9600.0,8400.0,10k以下,0.0,,本科,2,北京,海淀,学院路,同方知网（北京）技术有限公司,5499.5
资深服务工程师（驻场）,其他,7000.0,12000.0,9500.0,10k以下,3.0,5.0,本科,2,广州,越秀,北京街道,广州向中科技有限公司,59.5
数据开发工程师(J10949),数据开发,7000.0,9000.0,8000.0,10k以下,0.0,,本科,2,广州,天河,新塘,丰石科技,199.5
大数据开发工程师,数据开发,7000.0,14000.0,10500.0,10k-20k,3.0,5.0,本科,2,广州,越秀,北京街道,广东广安信息发展公司,199.5
python（国企驻场-长期稳定）,其他,7000.0,10000.0,8500.0,10k以下,1.0,3.0,本科,2,上海,浦东,康桥,上海金亥数智科技有限公司,199.5
数据治理工程师,其他,7000.0,12000.0,9500.0,10k以下,3.0,5.0,本科,2,广州,越秀,北京街道,广东广安信息发展公司,199.5
数据工程师(J10199),数据开发,7000.0,10000.0,8500.0,10k以下,0.0,,本科,2,广州,海珠,官洲,王老吉大健康,15000.0
软件开发工程师（Java与Python）,其他,7000.0,10000.0,8500.0,10k以下,3.0,5.0,大专,1,广州,天河,珠吉,广州恒晓信息科技有限公司,10.0
中级数据治理工程师,其他,7000.0,12000.0,9500.0,10k以下,3.0,5.0,本科,2,广州,天河,五山,广东省信息安全测评中心,199.5
大数据工程师,数据开发,7000.0,10000.0,8500.0,10k以下,3.0,5.0,硕士,3,广州,白云,大源,鼎利元(上海)科技发展有限公司,399.5
后端开发工程师,后端/全栈,6461.538461538461,12000.0,9230.76923076923,10k以下,1.0,3.0,本科,2,北京,海淀,,北京天银星际科技有限责任公司,59.5
爬虫工程师,爬虫/采集,6000.0,12000.0,9000.0,10k以下,0.0,,本科,2,北京,门头沟,永定,北京迈迪培尔信息技术有限公司,59.5
后端开发工程师,后端/全栈,6000.0,8000.0,7000.0,10k以下,1.0,3.0,本科,2,北京,西城,展览路,北京国网互联电气技术有限公司,59.5
python爬虫工程师,爬虫/采集,6000.0,9000.0,7500.0,10k以下,1.0,3.0,本科,2,北京,东城,建国门,达华工程管理（集团）有限公司,749.5
开发工程师,其他,6000.0,10000.0,8000.0,10k以下,1.0,3.0,本科,2,广州,番禺,大龙,广州软航信息科技有限公司,59.5
Python开发工程师,其他,6000.0,10000.0,8000.0,10k以下,3.0,5.0,本科,2,广州,白云,京溪,广州利洋水产科技股份有限公司,5499.5
数据工程师,数据开发,6000.0,8000.0,7000.0,10k以下,1.0,3.0,本科,2,广州,海珠,官洲,华信设计,5499.5
初级Python开发工程师,其他,5538.461538461539,9230.76923076923,7384.615384615385,10k以下,1.0,3.0,本科,2,广州,天河,五山,有新智能科技(广州)有限公司,59.5
python实习生,其他,4000.0,6000.0,5000.0,10k以下,0.0,,本科,2,北京,海淀,上地,邻元科技(北京)有限公司,59.5
大数据开发工程师,数据开发,4000.0,8000.0,6000.0,10k以下,1.0,3.0,本科,2,广州,海珠,江海,广州广杰网络科技有限公司,59.5
Python工程师(线上兼职),其他,2000.0,4000.0,3000.0,10k以下,0.0,,本科,2,广州,海珠,赤岗,河南九页科技有限公司,59.5
