job_name,job_news,job_city,job_ex,job_edu,job_company,c_info,c_num,c_tag
python爬虫工程师AI(WAI派),1.1-1.6万,北京·西城·新街口,3-5年,本科,郑州海奥软件科技有限公司,民营,100-299人,软件/IT服务
python爬虫工程师,6000-9000元,北京·东城·建国门,1-3年,本科,达华工程管理（集团）有限公司,民营,500-999人,房地产开发经营
python爬虫工程师,1.6-3万,北京·朝阳·朝外,3-5年,大专,北京保盛航空服务有限公司,民营,100-299人,客运服务
Python互联网数据采集（爬虫）开发工程师,8000-16000元,北京·海淀·马连洼,经验不限,本科,北京万智信达智能科技有限公司,其它,20-99人,人工智能
大数据开发工程师,2.5-3.5万,北京·通州·新华,3-5年,本科,北京博泰通远信息咨询服务有限公司,,20-99人,产业互联网平台
AI 工具链工程师（医疗方向）,2.1-2.5万·16薪,北京·海淀,1-3年,本科,北大医疗管理有限责任公司北京分公司,,10000人以上,医院/诊所服务
Python 开发工程师,8000-15000元,北京·大兴·博兴,3-5年,本科,康龙化成,上市公司,10000人以上,医药研发/生产外包（CXO）
大数据开发工程师,1-2万,北京·朝阳,经验不限,本科,民航电信开发有限责任公司,国企,100-299人,通信工程/技术服务
Python工程师,1.5-2.3万,北京·丰台·看丹,经验不限,本科,航天天目(重庆)卫星科技有限公司,,20-99人,技术服务
软件开发工程师,1.5-3万·14薪,北京·海淀,经验不限,本科,外企德科数字技术有限公司,合资,10000人以上,软件/IT服务
智能体开发工程师,9000-18000元,北京·大兴·博兴,1-3年,本科,康龙化成,上市公司,10000人以上,医药研发/生产外包（CXO）
高级爬虫工程师,1-1.2万,北京·西城·天桥,3-5年,本科,北京道略文旅科技有限公司,民营,20-99人,咨询服务
Python开发-初中高级（全国）,1.3-2.5万·14薪,北京·海淀,1-3年,本科,外企德科数字技术有限公司,合资,10000人以上,软件/IT服务
爬虫开发工程师,1.1-2万,北京·海淀,3-5年,硕士,航天信息,国企,1000-9999人,通信/网络设备
python开发工程师,1.3-2万·13薪,北京·海淀,3-5年,本科,数据磐石科技(北京)有限公司,民营,20-99人,云计算
急招python/java/C/C＋＋/js软件开发工程师（26届友好导师带教）,1.5-3万·14薪,北京·海淀,1-3年,本科,外企德科数字技术有限公司,合资,10000人以上,软件/IT服务
python实习生,4000-6000元,北京·海淀·上地,经验不限,本科,邻元科技(北京)有限公司,民营,20-99人,物联网
高级开发工程师（数据库运维软件方向）,1.5-1.8万,北京·通州·永顺,5-10年,大专,北京虹信万达科技有限公司,民营,20-99人,软件/IT服务
数字化转型工程师,1.3-1.7万,北京·丰台·东高地,3-5年,本科,北京中科航天人才服务有限公司,国企,1000-9999人,船舶/航空/航天/军工
实时数据开发工程师,1.2-1.5万,北京·朝阳,3-5年,本科,小葱(江苏)信息科技股份有限公司,,20-99人,软件/IT服务
数据开发工程师（公募基金/保险/证券经验）,1.4-1.9万,北京·西城·月坛,5-10年,大专,北京神州新桥科技有限公司,民营,1000-9999人,软件/IT服务
Python AI 模型部署接口联调,1.3-1.4万,北京·朝阳·劲松,3-5年,本科,北京中科航天人才服务有限公司,国企,1000-9999人,船舶/航空/航天/军工
高级大数据开发工程师,1.5-2.3万,北京·西城·金融街,3-5年,本科,达维信息技术(深圳)有限公司北京分公司,,100-299人,产业互联网平台
python开发工程师,1.6-2.3万·13薪,北京·海淀,3-5年,本科,北京合正未来科技有限公司,民营,20-99人,人工智能
大模型与数据工程工程师,1.3-1.5万,北京·西城·德胜,3-5年,本科,讯猫软件集团有限公司,民营,500-999人,软件/IT服务
数据开发工程师,1.2-1.8万,北京·朝阳·和平街,5-10年,本科,鼎欣汇智科技（北京）股份有限公司,股份制企业,1000-9999人,软件/IT服务
大数据开发工程师,2.5-3.5万,北京·东城·东四,5-10年,本科,上海信息人才服务有限公司,国企,20-99人,人力资源
python开发（外派-短期项目）,1.4-1.6万,北京·西城·金融街,3-5年,本科,北京浩然五洲软件技术有限公司,合资,100-299人,软件/IT服务
数据AI工程师,面议,北京·昌平,5-10年,硕士,中移金科,国企,1000-9999人,通信运营商/电信增值服务
软件开发工程师,8000-10000元,北京·顺义·李桥,1-3年,本科,北京中航华信机电设备安装有限公司,民营,20-99人,房地产开发经营
python开发-（外派-短期项目）,1.5-1.6万,北京·西城·金融街,3-5年,本科,北京浩然五洲软件技术有限公司,合资,100-299人,软件/IT服务
大数据平台运维开发工程师（浪潮云外包）,1.2-1.3万,北京·东城·建国门,3-5年,本科,鼎欣汇智科技（北京）股份有限公司,股份制企业,1000-9999人,软件/IT服务
Agent开发工程师,2-4万,北京·朝阳·建外,3-5年,本科,上海投中信息咨询股份有限公司北京办事处,民营,100-299人,软件/IT服务
大数据开发工程师,7000-8000元,北京·海淀·马连洼,1-3年,本科,首聘(北京)科技有限公司,民营,1000-9999人,人力资源
大数据开发工程师,1.2-2万,北京·朝阳,3-5年,本科,北京科博纳信息技术有限公司,民营,20-99人,软件/IT服务
大数据开发工程师,1.1-1.6万,北京·海淀·甘家口,3-5年,大专,北京华成航泰科技发展有限公司,民营,20-99人,云计算
数据模型开发工程师（三方公司）,1.2-1.4万,北京·海淀·甘家口,1-3年,大专,中联信科(北京)通信有限公司深圳分公司,,20-99人,通信工程/技术服务
Python 后端开发工程师（北教智学）,2-2.5万,北京·西城·德胜,3-5年,本科,博彦科技承德有限公司,股份制企业,1000-9999人,软件/IT服务
大数据开发工程师,1.2-1.6万,北京·昌平·史各庄,3-5年,本科,鑫锡软件(朝阳)有限公司,其它,20-99人,软件/IT服务
AI应用全栈开发工程师（AI人工智能企业直聘非外包）,1.5-2.3万,北京·朝阳,1-3年,本科,深度制耀(北京)科技股份有限公司,外商独资,100-299人,产业互联网平台
大数据开发工程师,9000-10000元,北京·海淀·马连洼,1-3年,本科,首聘(北京)科技有限公司,民营,1000-9999人,人力资源
数据开发工程师,1.6-2.2万,北京·西城·月坛,5-10年,本科,北京神州数字科技有限公司,上市公司,10000人以上,软件/IT服务
大数据高级工程师开发实施,2-3万,北京·丰台·看丹,5-10年,本科,深圳巨绿科技有限公司,其它,20-99人,软件/IT服务
AI系统 — Python全栈开发工程师,1-1.2万,北京·海淀·清河,1年以下,本科,北京信科联物业管理有限公司,其它,1000-9999人,物业管理
大数据工程师（北京）,2-3.5万,北京·朝阳,3-5年,本科,广东纬德信息科技股份有限公司,上市公司,100-299人,通信/网络设备
爬虫副主任,1.2-1.7万,北京·海淀·北下关,1-3年,本科,北京盈科千信科技有限公司,民营,100-299人,软件/IT服务
Agent开发工程师(智能零售),2-3.5万,北京·丰台·马家堡,3-5年,本科,融讯科技,民营,20-99人,人工智能
金融数据开发工程师（北京）,2-3万,北京·海淀·羊坊店,3-5年,本科,青岛光谷联合发展有限公司,股份制企业,100-299人,房地产开发经营
python开发工程师,1.2-1.5万,北京·海淀·北下关,3-5年,本科,北京颢辰科创科技有限公司,民营,20人以下,人力资源
python高级工程师,1-1.5万·13薪,北京·大兴,5-10年,本科,紫航雾(北京)信息技术有限公司,民营,20-99人,软件/IT服务
数据agent研发工程师,2-4万·14薪,北京·海淀·花园路,3-5年,本科,沈阳阅准科技有限公司,民营,500-999人,软件/IT服务
00154760——数据开发工程师,1.5-2万·13薪,北京·海淀,1-3年,本科,思特奇,上市公司,1000-9999人,通信运营商/电信增值服务
大数据开发工程师,1.1-1.8万,北京·丰台·看丹,3-5年,本科,北京捷科智诚科技有限公司上海分公司,民营,1000-9999人,软件/IT服务
爬虫工程师,1.1-1.5万,北京·海淀·北下关,3-5年,本科,北京盈科千信科技有限公司,民营,100-299人,软件/IT服务
后端工程师,1.6-2.2万,北京·海淀·西三旗,3-5年,本科,北京通合智能科技有限公司,民营,20人以下,计算机硬件
爬虫工程师,6000-12000元,北京·门头沟·永定,经验不限,本科,北京迈迪培尔信息技术有限公司,民营,20-99人,产业互联网平台
数据采集工程师（爬虫方向）,1.3-1.8万,北京·丰台·看丹,1-3年,本科,中资检验认证有限公司,其它,100-299人,云计算
Python应用开发工程师（流媒体/视频平台方向）,1-1.2万,北京·丰台·看丹,1-3年,本科,路安通智科技集团有限公司,其它,100-299人,工程施工
高级开发工程师（wai派）,1.1-1.5万,北京·丰台·看丹,5-10年,本科,郑州海奥软件科技有限公司,民营,100-299人,软件/IT服务
Python开发工程师,1-1.5万·13薪,北京·通州·新华,1-3年,本科,北京蓝鲸与海科技有限公司,股份制企业,20-99人,产业互联网平台
Python开发工程师,1-1.2万,北京·丰台·看丹,1-3年,本科,路安通智科技集团有限公司,其它,100-299人,工程施工
大模型应用开发工程师,1-2万,北京·海淀·中关村,1-3年,本科,苏州人瑞普惠人力资源服务有限公司,上市公司,20-99人,产业互联网平台
高级Python开发,1.1-1.2万,北京·昌平,5-10年,大专,软通动力信息技术(集团)股份有限公司,上市公司,10000人以上,软件/IT服务
python工程师,1-2万,北京·海淀·中关村,3-5年,本科,科锐尔人力资源服务(苏州)有限公司,上市公司,300-499人,人力资源
数据开发工程师,2.5-3.5万,北京·海淀·上地,经验不限,本科,苏州人瑞普惠人力资源服务有限公司,上市公司,20-99人,产业互联网平台
Python开发工程师（北京外包驻场）,1.2-2万,北京·石景山·苹果园,3-5年,本科,沈阳东软系统集成工程有限公司,国企,20-99人,软件/IT服务
高级数据工程师,2-2.5万,北京·丰台·太平桥,5-10年,本科,北京远盟普惠健康科技有限公司,外商独资,500-999人,互联网医疗
后端开发工程师,6000-8000元,北京·西城·展览路,1-3年,本科,北京国网互联电气技术有限公司,民营,20-99人,电气机械/电力设备
后端工程师26062502,2.5-3.5万,北京·朝阳·望京,5-10年,硕士,华能信息技术有限公司,国企,500-999人,云计算
高级数据工程师,4.5-7.5万,北京·大兴,3-5年,本科,北京美中爱瑞肿瘤医院有限责任公司,医院,300-499人,医院/诊所服务
数据开发工程师,9000-14000元,北京·朝阳·建外,3-5年,本科,中科软科技股份有限公司,股份制企业,1000-9999人,软件/IT服务
金融API开发工程师,1.5-1.7万,北京·朝阳·建外,5-10年,本科,上海海万信息科技股份有限公司,民营,1000-9999人,软件/IT服务
大气模式工程师,1.5-2.5万,北京·顺义,1-3年,硕士,北京莱维塞尔科技有限公司,民营,100-299人,电力/水利/热力/燃气
高级python工程师（北京）,2-3万,北京·大兴·高米店,5-10年,本科,无锡北微传感科技有限公司,民营,100-299人,半导体/芯片
数据工程师,9000-12000元·15薪,北京·海淀·学院路,经验不限,本科,同方知网（北京）技术有限公司,国企,1000-9999人,软件/IT服务
数据开发工程师,1-1.2万,北京·海淀·马连洼,1-3年,本科,首聘(北京)科技有限公司,民营,1000-9999人,人力资源
数据开发工程师 券商 投研 估值,1.4-1.7万,北京·朝阳·麦子店,3-5年,本科,中科软科技股份有限公司,股份制企业,1000-9999人,软件/IT服务
大数据开发工程师,1.2-1.6万,北京·西城·西长安街,5-10年,本科,中电金信软件有限公司,国企,10000人以上,软件/IT服务
数据治理工程师,8000-9000元,北京·朝阳·望京,3-5年,本科,深圳市法本信息技术股份有限公司,上市公司,1000-9999人,软件/IT服务
数据开发工程师,1-1.2万,北京·海淀·马连洼,3-5年,本科,首聘(北京)科技有限公司,民营,1000-9999人,人力资源
python后端开发工程师,2-2.1万·14薪,北京·海淀·永定路,3-5年,本科,航天新长征大道科技有限公司北京分公司,国企,100-299人,船舶/航空/航天/军工
后端开发工程师,7000-13000元·13薪,北京·海淀,1-3年,本科,北京天银星际科技有限责任公司,股份制企业,20-99人,船舶/航空/航天/军工
Python开发工程师-赴大厂,1.7-1.9万,北京·通州·台湖,5-10年,本科,上海微创软件股份有限公司,合资,10000人以上,软件/IT服务
后端开发工程师,1.6-2.3万,北京·海淀,3-5年,本科,北京世光科技有限公司,民营,20-99人,软件/IT服务
高级python工程师,1.4-1.5万,北京·朝阳,5-10年,本科,中科软科技股份有限公司,股份制企业,1000-9999人,软件/IT服务
python开发工程师,1.6-2万,北京·通州·台湖,5-10年,本科,上海微创软件股份有限公司,合资,10000人以上,软件/IT服务
大数据开发工程师,1.2-1.5万,北京·西城·牛街,5-10年,本科,南京迈特望科技股份有限公司,股份制企业,1000-9999人,软件/IT服务
研发工程师,1.8-2.5万,北京·海淀·西三旗,1-3年,本科,北京通合智能科技有限公司,民营,20人以下,计算机硬件
python开发工程师,1.5-1.9万,北京·通州·台湖,5-10年,本科,上海微创软件股份有限公司,合资,10000人以上,软件/IT服务
数据工程师,8000-13000元,北京·昌平·城南,3-5年,本科,中电智能卡,国企,500-999人,半导体/芯片
数据开发工程师,1-1.2万,北京·海淀·马连洼,3-5年,本科,首聘(北京)科技有限公司,民营,1000-9999人,人力资源
python开发,1.6-1.9万,北京·通州·台湖,5-10年,本科,上海微创软件股份有限公司,合资,10000人以上,软件/IT服务
大数据工程师,1.2-1.5万,北京·朝阳·三里屯,3-5年,大专,西安笃定信息技术有限公司,民营,20-99人,软件/IT服务
基础中心-工程技术岗-科学数据工程师(J10541),1.5-3万,北京·海淀,经验不限,硕士,启元实验室,事业单位,1000-9999人,人工智能
Python初级大数据开发工程师,1-1.2万,北京·海淀·海淀街道,1-3年,本科,北京远大创新科技有限公司,民营,500-999人,半导体/芯片
python后端开发工程师,8000-11000元,北京·海淀·中关村,经验不限,本科,北京华脉世纪科技有限公司,民营,20-99人,仪器仪表
高级爬虫工程师,1.5-3万,北京·丰台·看丹,5-10年,本科,协合运维,股份制企业,1000-9999人,风电
python大数据工程师(数据采集岗),1-1.2万,北京·海淀·海淀街道,1-3年,本科,北京远大创新科技有限公司,民营,500-999人,半导体/芯片
python开发工程师,1.2-1.8万,北京·海淀·海淀街道,3-5年,本科,北京信利恒丰科技发展有限公司,民营,20-99人,软件/IT服务
大数据开发工程师（电网）,1.3-1.6万,北京·西城·西长安街,5-10年,本科,安徽云控信息科技有限公司,民营,100-299人,软件/IT服务
python爬虫工程师,1.4-1.7万,上海·徐汇·龙华,3-5年,本科,上海策贸科技有限公司,,20-99人,软件/IT服务
智能体开发工程师-外派,3.5-4.5万,上海·徐汇·虹梅路,经验不限,本科,康龙化成,上市公司,10000人以上,医药研发/生产外包（CXO）
python后端开发工程师,1.2-2.4万,上海·青浦·金泽,经验不限,本科,外企德科数字技术有限公司,合资,10000人以上,软件/IT服务
java数据开发工程师,1.4-1.8万,上海·虹口·北外滩,3-5年,本科,安徽中安润微科技有限公司,民营,100-299人,软件/IT服务
python开发,8000-12000元·13薪,上海·闵行·新虹,3-5年,本科,上海海旭晟电力有限公司,外商独资,1000-9999人,光伏
python(语言不限制无经验可投）,1.5-3万,上海·浦东·金桥,经验不限,本科,外企德科数字技术有限公司,合资,10000人以上,软件/IT服务
数据开发工程师,1.3-2万,上海·青浦·徐泾,3-5年,本科,上海均瑶世外教育科技(集团)有限责任公司,民营,1000-9999人,学校/学历教育
数据清洗工程师,1-1.3万,上海·徐汇·龙华,1-3年,本科,上海策贸科技有限公司,,20-99人,软件/IT服务
软件开发工程师（后端/平台方向）,1.8-2.5万,上海·浦东·金桥,经验不限,本科,外企德科数字技术有限公司,合资,10000人以上,软件/IT服务
python数字化前后端开发,1.5-1.7万,上海·黄浦·瑞金二路,3-5年,本科,鼎欣汇智科技（北京）股份有限公司,股份制企业,1000-9999人,软件/IT服务
数据工程师（现场面试+不卷+周末双休）,1.5-1.6万,上海·静安·大宁路,3-5年,本科,上海信息人才服务有限公司,国企,20-99人,人力资源
急招python/java/C/C＋＋/js软件开发工程师（26届友好导师带教）,1.5-3万·14薪,上海·浦东·金桥,1-3年,本科,外企德科数字技术有限公司,合资,10000人以上,软件/IT服务
爬虫工程师,1.1-1.4万,上海·徐汇·龙华,1-3年,本科,上海策贸科技有限公司,,20-99人,软件/IT服务
数据开发工程师,1.6-1.7万,上海·黄浦·小东门,5-10年,大专,上海信息人才服务有限公司,国企,20-99人,人力资源
数据开发工程师,1.3-1.6万,上海·徐汇·龙华,5-10年,大专,上海微创软件股份有限公司,合资,10000人以上,软件/IT服务
大数据开发工程师,2.3-3.5万,上海·浦东·张江,经验不限,本科,苏州人瑞普惠人力资源服务有限公司,上市公司,20-99人,产业互联网平台
python（面试快）,1.4-1.6万,上海·浦东·唐镇,3-5年,本科,深圳建广数字科技有限公司青岛分公司,民营,20人以下,软件/IT服务
Python（稳定、福利好、14-16薪）,1.5-3万·16薪,上海·青浦·金泽,1-3年,本科,万宝盛华企业管理咨询（上海）有限公司,上市公司,500-999人,人力资源
数据开发工程师,1.8-2.5万,上海·虹口·曲阳路,3-5年,本科,上海信息人才服务有限公司,国企,20-99人,人力资源
时序数据治理工程师,1.2-1.6万,上海·浦东·周家渡,3-5年,本科,华胜(山东)信息科技有限公司,民营,20-99人,软件/IT服务
数据治理工程师（财务方向）,9000-16000元,上海·宝山·杨行,3-5年,本科,沈阳东硕信息技术有限公司,民营,1000-9999人,软件/IT服务
数据开发工程师,2.5-3.5万,上海·浦东·张江,经验不限,本科,苏州人瑞普惠人力资源服务有限公司,上市公司,20-99人,产业互联网平台
python开发工程师,1-1.5万,上海·黄浦·瑞金二路,5-10年,大专,上海朗裕信息科技有限公司,民营,20-99人,软件/IT服务
数据治理工程师,1.3-1.5万,上海·徐汇·龙华,3-5年,本科,上海金亥数智科技有限公司,合资,100-299人,通信/网络设备
帆软报表开发工程师,1-1.5万,上海·浦东·陆家嘴,3-5年,本科,厦门至恒融兴信息技术股份有限公司,民营,1000-9999人,软件/IT服务
python开发工程师-上海,面议,上海·浦东·曹路,5-10年,本科,中软国际,上市公司,10000人以上,软件/IT服务
python（国企驻场-长期稳定）,7000-10000元,上海·浦东·康桥,1-3年,本科,上海金亥数智科技有限公司,合资,100-299人,通信/网络设备
Python后端开发工程师（数据方向）,1.5-1.6万,上海·浦东·张江,3-5年,本科,深圳建广数字科技有限公司青岛分公司,民营,20人以下,软件/IT服务
LLMOps平台研发工程师（大模型平台方向）,1.8-2.2万·13薪,上海·浦东·金桥,1-3年,本科,上海艾策通讯科技股份有限公司,股份制企业,20-99人,通信/网络设备
Python工程师,1.2-1.5万,上海·长宁·新华路,5-10年,大专,上海朗裕信息科技有限公司,民营,20-99人,软件/IT服务
Python开发（全额福利）,1.5-1.6万,上海·浦东·唐镇,3-5年,本科,深圳建广数字科技有限公司青岛分公司,民营,20人以下,软件/IT服务
软件工程师,1-2万·13薪,上海·徐汇·田林,3-5年,本科,德仪国际贸易(上海)有限公司,外商独资,20-99人,半导体/芯片
python开发工程师,1.3-1.8万,上海·浦东·金桥,5-10年,本科,彩讯科技股份有限公司,上市公司,1000-9999人,软件/IT服务
python,1.2-1.6万,上海·浦东·唐镇,3-5年,本科,深圳建广数字科技有限公司青岛分公司,民营,20人以下,软件/IT服务
智驾python开发工程师-包2餐,1-1.2万,上海·杨浦·大桥,1-3年,本科,苏州英格玛服务外包股份有限公司,股份制企业,300-499人,人力资源
数据开发工程师（财务业务方面）,1.2-2.2万,上海·宝山·杨行,3-5年,本科,沈阳东硕信息技术有限公司,民营,1000-9999人,软件/IT服务
爬虫工程师,1.4-1.7万,上海·徐汇·龙华,3-5年,本科,上海策贸科技有限公司,,20-99人,软件/IT服务
python开发工程师-包2餐,1-1.2万,上海·杨浦·大桥,1-3年,本科,苏州英格玛服务外包股份有限公司,股份制企业,300-499人,人力资源
AI制药-AI全栈开发工程师（企业直聘非外包+python）,1.5-2.5万,上海·黄浦·外滩,1-3年,本科,深度制耀(北京)科技股份有限公司,外商独资,100-299人,产业互联网平台
数据开发工程师（基金金融）,1.2-1.8万,上海·浦东·陆家嘴,1-3年,本科,合肥吾恒信息科技有限公司,民营,100-299人,软件/IT服务
Dify与钉钉智能体开发工程师,2-2.6万,上海·浦东·高行,3-5年,本科,万宝盛华企业管理咨询（上海）有限公司,上市公司,500-999人,人力资源
python(全额五险一金),1.4-1.6万,上海·浦东·唐镇,3-5年,本科,深圳建广数字科技有限公司青岛分公司,民营,20人以下,软件/IT服务
Python开发,1.1-1.6万,上海·浦东·金桥,1-3年,本科,软通动力信息技术(集团)股份有限公司,上市公司,10000人以上,软件/IT服务
数据开发工程师-中台,1.5-1.6万,上海·浦东·陆家嘴,5-10年,本科,深圳市睿服科技有限公司,股份制企业,1000-9999人,软件/IT服务
数据平台后端开发（Go/Python）(A166501),1.8-2万,上海·闵行·新虹,3-5年,学历不限,中科创达软件股份有限公司,合资,1000-9999人,软件/IT服务
Dify与钉钉智能体开发工程师,2-2.5万,上海·浦东·高行,3-5年,本科,万宝盛华企业管理咨询（上海）有限公司,上市公司,500-999人,人力资源
高级数据治理工程师(J11412),1.7-2.5万·14薪,上海·浦东·陆家嘴,3-5年,本科,艾兰得,民营,1000-9999人,食品/饮品/烟酒制造
Python开发,1.4-1.6万,上海·浦东·唐镇,3-5年,本科,深圳建广数字科技有限公司青岛分公司,民营,20人以下,软件/IT服务
大数据开发工程师,1-1.5万·15薪,上海·闵行·虹桥,1-3年,本科,欧普照明,民营,1000-9999人,电气机械/电力设备
数据治理工程师,2-3万,上海·浦东·唐镇,3-5年,本科,上海宇量昇科技有限公司,民营,300-499人,半导体/芯片
python后端开发工程师,1.4-1.6万,上海·浦东·唐镇,3-5年,本科,深圳建广数字科技有限公司青岛分公司,民营,20人以下,软件/IT服务
后端开发工程师,1.5-3万,上海·闵行·吴泾,3-5年,本科,上海奥铁通讯技术有限公司,民营,20-99人,通信/网络设备
Python开发工程师,1.6-2.4万,上海·黄浦·外滩,5-10年,本科,八六三软件,国企,500-999人,软件/IT服务
数据开发工程师（电网）,8000-11000元,上海·浦东·潍坊新村,3-5年,本科,安徽云控信息科技有限公司,民营,100-299人,软件/IT服务
大数据开发工程师,2-2.8万·13薪,上海·徐汇·徐家汇,5-10年,本科,浙江柚香谷控股股份有限公司,股份制企业,1000-9999人,食品/饮品/烟酒制造
高级数据工程师（整机数据布局方向）,1.2-2.4万·13薪,上海·浦东·泥城,5-10年,本科,拓荆科技股份有限公司,上市公司,1000-9999人,半导体/芯片
软件开发工程师（Python）,1.5-2万·13薪,上海·浦东·三林,5-10年,本科,威立雅(中国)环境服务有限公司,外商独资,1000-9999人,环保
后端开发工程师（教育集团）,1.1-2万,上海·青浦·徐泾,3-5年,大专,上海均瑶世外教育科技(集团)有限责任公司,民营,1000-9999人,学校/学历教育
数据开发工程师,1.2-1.5万,上海·虹口·北外滩,经验不限,本科,上海交通规划设计研究院有限公司,国企,20-99人,咨询服务
大数据开发工程师,8000-16000元,上海·黄浦·半淞园路,经验不限,本科,上海引贤企业发展有限公司,股份制企业,20-99人,人力资源
python开发工程师,1.3-2.6万·14薪,上海·浦东·金桥,1-3年,本科,北京鼎腾科技有限公司,民营,500-999人,软件/IT服务
大数据开发工程师,2-3万·13薪,上海·徐汇·徐家汇,5-10年,本科,浙江柚香谷控股股份有限公司,股份制企业,1000-9999人,食品/饮品/烟酒制造
服务端研发工程师,3-5.5万·16薪,上海·长宁·天山路,经验不限,本科,上海从鲸信息技术有限公司,民营,10000人以上,互联网电商
python开发工程师,8000-14000元·13薪,上海·浦东·张江,经验不限,本科,陕西涟成科技有限公司,股份制企业,100-299人,云计算
179190-后端开发工程师,面议,上海·浦东·唐镇,1-3年,本科,深圳平安融易投资咨询有限公司,民营,10000人以上,咨询服务
英语高级Python 全栈工程师（AI 原生/RAG）,3-3.5万·13薪,上海·浦东·张江,10年以上,大专,大连弗斯特高新人才发展管理有限公司,民营,1000-9999人,咨询服务
python（福利好 稳定 14-16薪）,1.5-3万,上海·青浦·金泽,1-3年,本科,万宝盛华企业管理咨询（上海）有限公司,上市公司,500-999人,人力资源
Python开发工程师,1.5-3万,上海·嘉定·安亭,1-3年,本科,上海锡威信息科技有限公司,,20人以下,软件/IT服务
python后端开发工程师（中级）,1.3-1.8万,上海·徐汇·虹梅路,1-3年,本科,台州拜亚进出口有限公司,民营,500-999人,金属制品/机加工
数据开发工程师-外包 (MJ003799),1-1.6万,上海·青浦·重固,3-5年,本科,申通快递,上市公司,10000人以上,快递服务
python软件工程师,1-2万,上海·闵行·吴泾,1-3年,本科,汇像信息,民营,100-299人,仪器仪表
中级后端开发工程师（AI Agent 编程方向）,1.4-1.8万,上海·徐汇·虹梅路,1-3年,大专,台州拜亚进出口有限公司,民营,500-999人,金属制品/机加工
大数据工程师,1.3-2万,上海·黄浦·小东门,3-5年,本科,赢时胜,民营,1000-9999人,软件/IT服务
数据治理开发工程师 Python开发方向,1.1-1.4万,上海·徐汇·龙华,1-3年,本科,上海策贸科技有限公司,,20-99人,软件/IT服务
AI 大模型应用开发工程师,1.5-2.5万,上海·徐汇·虹梅路,1-3年,大专,台州拜亚进出口有限公司,民营,500-999人,金属制品/机加工
英语后端开发/大数据开发/python,3-3.5万·13薪,上海·浦东·潍坊新村,5-10年,本科,大连弗斯特高新人才发展管理有限公司,民营,1000-9999人,咨询服务
python开发工程师（安踏）,1-1.5万,上海·闵行·新虹,3-5年,本科,软通动力信息技术(集团)股份有限公司,上市公司,10000人以上,软件/IT服务
Python 软件研发工程师,1.9-3.5万·14薪,上海·浦东·金桥,经验不限,本科,科锐尔人力资源服务(苏州)有限公司,上市公司,1000-9999人,人力资源
高级python,2-2.5万,上海·长宁·新泾,5-10年,本科,爱多邦(北京)信息技术服务有限公司,民营,100-299人,软件/IT服务
Python开发工程师,1-2万,上海·浦东·金桥,1-3年,本科,软通动力信息技术(集团)股份有限公司,上市公司,10000人以上,软件/IT服务
数据工程师（校招）,8000-12000元,上海·浦东·陆家嘴,经验不限,本科,北京中软融鑫计算机系统工程有限公司,股份制企业,500-999人,软件/IT服务
Python开发工程师,2-2.5万,上海·长宁·新泾,5-10年,本科,爱多邦(北京)信息技术服务有限公司,民营,100-299人,软件/IT服务
数据开发工程师,1.3-1.6万,上海·黄浦·半淞园路,5-10年,本科,卓为科技,民营,100-299人,软件/IT服务
大数据开发工程师,1.4-1.7万,上海·黄浦·半淞园路,3-5年,本科,深圳市睿服科技有限公司,股份制企业,1000-9999人,软件/IT服务
数据工程师,8000-11000元,上海·虹口·北外滩,经验不限,本科,上海胜蓝软件技术服务有限公司,民营,20-99人,软件/IT服务
数据开发工程师-外包 (MJ003799),1-1.2万,上海·青浦·重固,1-3年,学历不限,申通快递,上市公司,10000人以上,快递服务
行业咨询工程师（数据业务研发）-上海电缆所,1.2-1.5万,上海·杨浦·长白新村,经验不限,本科,申能集团,国企,10000人以上,矿产/冶金
数据工程师（研发）,9000-12000元,上海·虹口·北外滩,经验不限,本科,上海胜蓝软件技术服务有限公司,民营,20-99人,软件/IT服务
大数据开发工程师（双休+16薪）,2-3.5万·16薪,上海·浦东·陆家嘴,3-5年,本科,湖北睿昕智科技有限公司,,100-299人,软件/IT服务
大数据开发工程师,1-1.5万,上海·浦东·金桥,3-5年,本科,软通动力信息技术(集团)股份有限公司,上市公司,10000人以上,软件/IT服务
大数据工程师,8000-11000元,上海·虹口·北外滩,经验不限,本科,上海胜蓝软件技术服务有限公司,民营,20-99人,软件/IT服务
大数据开发工程师,1.1-1.4万,上海·静安·天目西路,经验不限,本科,深圳市法本信息技术股份有限公司,上市公司,1000-9999人,软件/IT服务
数据开发工程师,1.1-1.4万,上海·浦东·塘桥,1-3年,本科,中科软科技股份有限公司,股份制企业,1000-9999人,软件/IT服务
Python开发工程师,1.2-1.6万,上海·宝山·顾村,1-3年,本科,上海乐辰生物科技有限公司,民营,20-99人,医疗设备/器械/耗材
大数据开发工程师-上海,1.3-1.4万,上海·黄浦·南京东路,3-5年,本科,深圳市睿服科技有限公司,股份制企业,1000-9999人,软件/IT服务
python后端开发工程师,1.1-1.6万,上海·青浦·金泽,3-5年,本科,软通动力信息技术(集团)股份有限公司,上市公司,10000人以上,软件/IT服务
数据开发工程师,1.5-1.7万,上海·静安·天目西路,5-10年,本科,深圳市法本信息技术股份有限公司,上市公司,1000-9999人,软件/IT服务
python开发工程师,1-1.6万,上海·静安·石门二路,1-3年,本科,深圳市睿服科技有限公司,股份制企业,1000-9999人,软件/IT服务
数据工程师（外包 外资知名药企）,2-3万,上海·浦东·三林,5-10年,本科,科锐尔人力资源服务(苏州)有限公司,上市公司,1000-9999人,人力资源
智能体开发工程师,1.5-2.1万,上海·青浦·徐泾,3-5年,大专,上海均瑶世外教育科技(集团)有限责任公司,民营,1000-9999人,学校/学历教育
数据与AI工程师,1.2-1.8万·13薪,广州·黄埔·九佛,3-5年,本科,卡尔蔡司光学（中国）有限公司,外商独资,1000-9999人,医疗设备/器械/耗材
Databricks高级数据工程师,1.5-2万,广州·海珠·琶洲,5-10年,本科,深圳市法本信息技术股份有限公司,上市公司,1000-9999人,软件/IT服务
零代码开发工程师,8000-13000元,广州·天河·珠吉,1-3年,大专,科珠(广州)科技有限公司,民营,100-299人,软件/IT服务
大数据开发工程师,1.1-1.5万,广州·天河·冼村,1-3年,本科,徽通科技集团有限公司,民营,1000-9999人,金融科技/数字金融
ai数据开发工程师,1-2万,广州·海珠·昌岗,1-3年,本科,广信通信,国企,1000-9999人,通信工程/技术服务
数据开发工程师,1-1.5万,广州·越秀·华乐,3-5年,本科,广东麦视互联网科技有限公司,国企,100-299人,软件/IT服务
大数据开发工程师（周末双休）,1.2-1.5万,广州·天河·冼村,1-3年,本科,徽通科技集团有限公司,民营,1000-9999人,金融科技/数字金融
数据开发工程师(驻场),8000-16000元,广州·黄埔·联和,5-10年,本科,广州西麦科技股份有限公司,上市公司,100-299人,软件/IT服务
大数据开发工程师,4000-8000元,广州·海珠·江海,1-3年,本科,广州广杰网络科技有限公司,民营,20-99人,通信/网络设备
大数据开发工程师,1.2-1.7万,广州·天河·冼村,经验不限,本科,徽通科技集团有限公司,民营,1000-9999人,金融科技/数字金融
初级数据工程师,8000-12000元·13薪,广州·越秀·黄花岗,1-3年,本科,HKT,外商独资,10000人以上,通信运营商/电信增值服务
数据开发工程师,7000-14000元,广州·黄埔·联和,5-10年,本科,广州西麦科技股份有限公司,上市公司,100-299人,软件/IT服务
spark大数据开发工程师（短期+周末双休）,1.4-1.8万,广州·天河·冼村,3-5年,本科,徽通科技集团有限公司,民营,1000-9999人,金融科技/数字金融
AI数据工程师,8000-11000元,广州·天河·棠下,3-5年,大专,软通动力信息技术(集团)股份有限公司,上市公司,10000人以上,软件/IT服务
大数据工程师,7000-10000元,广州·白云·大源,3-5年,硕士,鼎利元(上海)科技发展有限公司,上市公司,300-499人,学校/学历教育
大数据工程师,1.2-1.6万,广州·花都·新雅,3-5年,本科,中电科普天科技股份有限公司,上市公司,1000-9999人,通信/网络设备
大数据开发工程师（短期+周末双休）,1.5-1.8万,广州·天河·冼村,3-5年,本科,徽通科技集团有限公司,民营,1000-9999人,金融科技/数字金融
大数据开发工程师,1.4-2万,广州·番禺·大石,1-3年,本科,广州时格科技有限公司,,20人以下,家电批发/零售/贸易
数据工程师,8000-13000元,广州·天河·天河南,1年以下,本科,海南钦诚软件技术有限公司,上市公司,1000-9999人,软件/IT服务
数据开发工程师,1-1.8万,广州·黄埔·九佛,3-5年,本科,广州金升阳科技有限公司,民营,1000-9999人,半导体/芯片
python开发工程师,8000-15000元,广州·番禺·大石,1年以下,本科,广州时格科技有限公司,,20人以下,家电批发/零售/贸易
数据开发工程师,1.4-1.6万,广州·天河·车陂,经验不限,本科,广州玲跃电子科技有限公司,,20-99人,电气机械/电力设备
数据开发工程师,1-1.5万,广州·黄埔·联和,5-10年,大专,广州西麦科技股份有限公司,上市公司,100-299人,软件/IT服务
初级大数据开发工程师,8000-11000元·13薪,广州·越秀·北京街道,经验不限,本科,南昌辰睿科技服务有限公司,民营,100-299人,技术服务
数据开发工程师,1.3-1.5万,广州·天河·棠下,5-10年,本科,软通动力信息技术(集团)股份有限公司,上市公司,10000人以上,软件/IT服务
数据实施工程师,1.4-1.8万,广州·黄埔·联和,5-10年,本科,深圳市南电云商有限公司,民营,500-999人,保险
中级数据治理工程师,7000-12000元,广州·天河·五山,3-5年,本科,广东省信息安全测评中心,事业单位,100-299人,产业互联网平台
大数据开发工程师,1.2-1.4万,广州·海珠·琶洲,5-10年,本科,外企德科,合资,300-499人,人力资源
数据治理工程师,7000-12000元,广州·越秀·北京街道,3-5年,本科,广东广安信息发展公司,其它,100-299人,信息安全
大数据开发工程师-周末双休（项目外包）,1.4-2万,广州·天河·猎德,1-3年,本科,徽通科技集团有限公司,民营,1000-9999人,金融科技/数字金融
Python后端开发-工业AI方向-全额五险一金,1-1.1万,广州·海珠·官洲,3-5年,本科,软通动力信息技术(集团)股份有限公司,上市公司,10000人以上,软件/IT服务
大数据开发工程师,7000-14000元,广州·越秀·北京街道,3-5年,本科,广东广安信息发展公司,其它,100-299人,信息安全
大数据开发工程师（外包）,1.3-1.8万,广州·黄埔·联和,3-5年,本科,彩讯科技股份有限公司,上市公司,1000-9999人,软件/IT服务
数据治理工程师（医疗行业）,9000-10000元,广州·天河·棠下,3-5年,大专,软通动力信息技术(集团)股份有限公司,上市公司,10000人以上,软件/IT服务
python开发,1-1.4万,广州·海珠·琶洲,3-5年,本科,江苏秉信科技有限公司,民营,300-499人,软件/IT服务
python后端实习生,160-180元/天,广州·海珠·琶洲,经验不限,本科,广州掌动智能科技有限公司,民营,300-499人,软件/IT服务
数据开发工程师(英文+国际差旅）(J14058),1.5-1.8万,广州·番禺·大石,经验不限,本科,浩鲸云计算科技股份有限公司,合资,1000-9999人,云计算
数据开发工程师,1.2-1.8万·14薪,广州·海珠·江海,3-5年,本科,广州广有通信设备有限公司,国企,100-299人,通信/网络设备
Agent智能体开发工程师,3-4万·13薪,广州·黄埔·萝岗,5-10年,本科,苏州人瑞普惠人力资源服务有限公司,上市公司,20-99人,产业互联网平台
大数据开发工程师（大厂外包）,9000-11000元,广州·海珠·官洲,3-5年,本科,软通动力信息技术(集团)股份有限公司,上市公司,10000人以上,软件/IT服务
数据工程师,6000-8000元,广州·海珠·官洲,1-3年,本科,华信设计,国企,1000-9999人,通信工程/技术服务
大数据开发工程师【27届校招】,1.2-1.8万·14薪,广州·黄埔·萝岗,经验不限,本科,多益网络有限公司,民营,1000-9999人,互联网游戏
Python 后端开发实习生（GIS 数据处理方向）,85-100元/天,广州·越秀·北京街道,经验不限,本科,广州市交通规划研究院有限公司,事业单位,100-299人,学术/科研
初级数据开发工程师(J10949),8000-10000元,广州·天河·新塘,1-3年,本科,丰石科技,民营,100-299人,大数据
rag开发工程师（线上面试＋英文好）,1.6-1.8万,广州·天河·林和,3-5年,本科,深圳市法本信息技术股份有限公司,上市公司,1000-9999人,软件/IT服务
Python工程师,1.2-1.4万,广州·越秀·梅花村,1-3年,本科,信必优(深圳)信息技术有限公司广州分公司,外商独资,1000-9999人,软件/IT服务
数据研发工程师（广州）,1-1.5万,广州·天河·新塘,1-3年,本科,新讯数字科技(杭州)有限公司北京分公司,民营,1000-9999人,通信/网络设备
终端软件开发工程师,9000-10000元,广州·黄埔·联和,3-5年,本科,广州仁合时创信息技术有限公司,民营,500-999人,软件/IT服务
数据开发工程师(J10949),7000-9000元,广州·天河·新塘,经验不限,本科,丰石科技,民营,100-299人,大数据
智能体开发工程师,1.3-1.5万,广州·黄埔·联和,3-5年,本科,广州九路科技有限公司,民营,100-299人,产业互联网平台
智能体应用开发工程师,1-2万,广州·海珠·赤岗,1-3年,本科,广州食惠供应链有限公司,民营,20-99人,互联网电商
Python工程师,1.4-1.6万,广州·天河·冼村,3-5年,本科,徽通科技集团有限公司,民营,1000-9999人,金融科技/数字金融
大数据平台开发工程师,1.2-2.1万·13薪,广州·花都·新雅,3-5年,本科,中电科普天科技股份有限公司,上市公司,1000-9999人,通信/网络设备
大数据开发工程师,1.2-1.6万,广州·番禺·南村,5-10年,大专,亿达信息,民营,1000-9999人,软件/IT服务
智能体开发工程师,8000-15000元,广州·越秀·北京街道,1年以下,本科,广东广安信息发展公司,其它,100-299人,信息安全
Python实习生,150-200元/天,广州·天河·车陂,经验不限,本科,中望软件,上市公司,1000-9999人,软件/IT服务
数据开发工程师（广州）,1.2-1.7万,广州·天河·冼村,3-5年,本科,武汉宝信信息技术有限公司,,100-299人,软件/IT服务
数据工程师(J10199),7000-10000元,广州·海珠·官洲,经验不限,本科,王老吉大健康,国企,10000人以上,食品/饮品/烟酒制造
python开发工程师,1.2-1.8万,广州·番禺·南村,1-3年,本科,左木莲安(广东)数字科技有限公司,股份制企业,20-99人,互联网电商
数据工程师（天津）,1.4-1.5万,广州·越秀·黄花岗,3-5年,本科,广东南油服务有限公司,国企,1000-9999人,咨询服务
大数据开发工程师,1-1.8万,广州·海珠·琶洲,5-10年,本科,中科软科技股份有限公司,股份制企业,1000-9999人,软件/IT服务
智能体开发工程师,1.4-1.6万,广州·黄埔·联和,3-5年,本科,广州仁合时创信息技术有限公司,民营,500-999人,软件/IT服务
python工程师,1.4-1.5万,广州·天河·猎德,1-3年,本科,徽通科技集团有限公司,民营,1000-9999人,金融科技/数字金融
python开发-oddo经验优先,1-1.3万,广州·番禺·化龙,3-5年,大专,上海思芮信息科技有限公司,民营,500-999人,软件/IT服务
智能体开发工程师,1.4-1.6万,广州·黄埔·联和,3-5年,本科,广州仁合时创信息技术有限公司,民营,500-999人,软件/IT服务
Python后端,1.4-1.5万,广州·天河·冼村,3-5年,本科,徽通科技集团有限公司,民营,1000-9999人,金融科技/数字金融
python数据开发工程师,1.3-1.6万,广州·海珠·琶洲,3-5年,本科,深圳市法本信息技术股份有限公司,上市公司,1000-9999人,软件/IT服务
AI智能体开发工程师,1-1.8万,广州·黄埔·联和,3-5年,本科,广州西麦科技股份有限公司,上市公司,100-299人,软件/IT服务
大模型应用开发工程师,1.4-1.5万,广州·天河·冼村,3-5年,本科,徽通科技集团有限公司,民营,1000-9999人,金融科技/数字金融
Python开发工程师,6000-10000元,广州·白云·京溪,3-5年,本科,广州利洋水产科技股份有限公司,上市公司,1000-9999人,渔业
Python开发工程师（量化交易系统）,1.5-2.5万,广州·天河·冼村,3-5年,本科,讯汇科技,外商独资,100-299人,产业互联网平台
AI开发工程师,1-1.5万,广州·黄埔·联和,1-3年,本科,广州西麦科技股份有限公司,上市公司,100-299人,软件/IT服务
开发工程师,6000-10000元,广州·番禺·大龙,1-3年,本科,广州软航信息科技有限公司,民营,20-99人,软件/IT服务
python开发工程师,1.2-1.6万,广州·天河·新塘,1-3年,本科,广州图灵科技有限公司,股份制企业,20-99人,信息安全
初级Python开发工程师,6000-10000元·13薪,广州·天河·五山,1-3年,本科,有新智能科技(广州)有限公司,民营,20-99人,人工智能
软件开发工程师（Java与Python）,7000-10000元,广州·天河·珠吉,3-5年,大专,广州恒晓信息科技有限公司,民营,20人以下,软件/IT服务
AI AGENT工程师 (Infra方向),2-3万,广州·黄埔·萝岗,3-5年,本科,广东芯培森技术有限公司,民营,20人以下,半导体/芯片
Python开发工程师,8000-12000元·13薪,广州·天河·五山,3-5年,本科,有新智能科技(广州)有限公司,民营,20-99人,人工智能
python开发,1-1.2万,广州·天河·冼村,1-3年,本科,浪潮集团,国企,10000人以上,软件/IT服务
python开发工程师,1-1.5万,广州·黄埔·联和,3-5年,大专,广州西麦科技股份有限公司,上市公司,100-299人,软件/IT服务
Python开发/双休,1.5-1.8万,广州·海珠·琶洲,3-5年,本科,深圳市睿服科技有限公司,股份制企业,1000-9999人,软件/IT服务
python开发,1.3-1.8万,广州·天河·天河南,5-10年,大专,海南钦诚软件技术有限公司,上市公司,1000-9999人,软件/IT服务
Python工程师(线上兼职),2000-4000元,广州·海珠·赤岗,经验不限,本科,河南九页科技有限公司,民营,20-99人,软件/IT服务
Python后端开发工程师（初/中级）,1-1.5万,广州·黄埔·联和,经验不限,本科,广东杰纳医药科技有限公司,民营,100-299人,技术服务
python开发工程师,1.4-1.8万,广州·天河·天河南,3-5年,本科,海南钦诚软件技术有限公司,上市公司,1000-9999人,软件/IT服务
资深后端工程师,1-1.8万·13薪,广州·番禺·新造,3-5年,本科,石家庄博瑞迪生物技术有限公司,民营,100-299人,生物/制药
python后端开发工程师,1.3-2.2万,广州·黄埔·联和,1-3年,本科,广东杰纳医药科技有限公司,民营,100-299人,技术服务
资深服务工程师（驻场）,7000-12000元,广州·越秀·北京街道,3-5年,本科,广州向中科技有限公司,民营,20-99人,软件/IT服务
后处理与图形绘制工程师,1.8-2.3万,广州·南沙·南沙,3-5年,硕士,广东云湃科技有限责任公司,民营,20-99人,软件/IT服务
Python开发工程师,8000-14000元,广州·番禺·小谷围,经验不限,本科,广州市点易资讯科技有限公司,民营,100-299人,人工智能
Pyhon开发工程师,1-1.2万,广州·海珠·官洲,3-5年,本科,广州嘉检医学检测有限公司,民营,100-299人,检测/认证/计量
高级大数据开发工程师,1.5-3万,广州·海珠·琶洲,5-10年,本科,华泰保险集团股份有限公司,合资,1000-9999人,保险
广州-数据工程师（偏Azure Databricks）,9000-17000元·13薪,广州·海珠·江海,3-5年,本科,敏捷艾科,民营,100-299人,产业互联网平台
软件开发工程师,1.6-2.5万·15薪,广州·海珠·官洲,1-3年,本科,文远知行,合资,300-499人,人工智能
高级数据开发工程师,1.2-2万,广州·海珠·琶洲,3-5年,本科,广州海晟科技有限公司,民营,100-299人,软件/IT服务
数据工程师（偏Azure Databricks）,1-1.5万·13薪,广州·海珠·江海,1-3年,本科,敏捷艾科,民营,100-299人,产业互联网平台
软件开发工程师,2-2.5万·15薪,广州·黄埔·联和,1-3年,本科,文远知行,合资,300-499人,人工智能
Python研发工程师,1.5-2万,广州·天河·天河南,1-3年,本科,广州天勤数字科技有限公司,民营,20-99人,软件/IT服务
后端开发工程师,1.1-1.8万,广州·番禺·化龙,3-5年,本科,软通动力信息技术(集团)股份有限公司,上市公司,10000人以上,软件/IT服务
工业大数据工程师,1.5-3万,广州·黄埔·联和,3-5年,本科,开波特(武汉)人工智能有限公司,民营,20-99人,人工智能
